,op_module,sim_env,scenario_name,rq_file,demand_scalar,op_fleet_composition,op_vr_control_func_dict,op_act_fs_file
0,PoolingIRSOnly,ImmediateDecisionsSimulation,line91_week/0.25/sample_0/IR_D+WT_FB_2/,line91_week/0.25/sample_0.csv,0.25,flex_bus:2,func_key:IRS_study_standard,line91.csv
1,PoolingIRSOnly,ImmediateDecisionsSimulation,line91_week/0.25/sample_1/IR_D+WT_FB_2/,line91_week/0.25/sample_1.csv,0.25,flex_bus:2,func_key:IRS_study_standard,line91.csv
2,PoolingIRSOnly,ImmediateDecisionsSimulation,line91_week/0.25/sample_2/IR_D+WT_FB_2/,line91_week/0.25/sample_2.csv,0.25,flex_bus:2,func_key:IRS_study_standard,line91.csv
3,PoolingIRSOnly,ImmediateDecisionsSimulation,line91_week/0.25/sample_3/IR_D+WT_FB_2/,line91_week/0.25/sample_3.csv,0.25,flex_bus:2,func_key:IRS_study_standard,line91.csv
4,PoolingIRSOnly,ImmediateDecisionsSimulation,line91_week/0.25/sample_4/IR_D+WT_FB_2/,line91_week/0.25/sample_4.csv,0.25,flex_bus:2,func_key:IRS_study_standard,line91.csv
5,PoolingIRSOnly,ImmediateDecisionsSimulation,line91_week/0.25/sample_5/IR_D+WT_FB_2/,line91_week/0.25/sample_5.csv,0.25,flex_bus:2,func_key:IRS_study_standard,line91.csv
6,PoolingIRSOnly,ImmediateDecisionsSimulation,line91_week/0.25/sample_6/IR_D+WT_FB_2/,line91_week/0.25/sample_6.csv,0.25,flex_bus:2,func_key:IRS_study_standard,line91.csv
7,PoolingIRSOnly,ImmediateDecisionsSimulation,line91_week/0.25/sample_7/IR_D+WT_FB_2/,line91_week/0.25/sample_7.csv,0.25,flex_bus:2,func_key:IRS_study_standard,line91.csv
8,PoolingIRSOnly,ImmediateDecisionsSimulation,line91_week/0.25/sample_8/IR_D+WT_FB_2/,line91_week/0.25/sample_8.csv,0.25,flex_bus:2,func_key:IRS_study_standard,line91.csv
9,PoolingIRSOnly,ImmediateDecisionsSimulation,line91_week/0.25/sample_9/IR_D+WT_FB_2/,line91_week/0.25/sample_9.csv,0.25,flex_bus:2,func_key:IRS_study_standard,line91.csv
10,PoolingIRSOnly,ImmediateDecisionsSimulation,line91_week/0.25/sample_10/IR_D+WT_FB_2/,line91_week/0.25/sample_10.csv,0.25,flex_bus:2,func_key:IRS_study_standard,line91.csv
11,PoolingIRSOnly,ImmediateDecisionsSimulation,line91_week/0.25/sample_11/IR_D+WT_FB_2/,line91_week/0.25/sample_11.csv,0.25,flex_bus:2,func_key:IRS_study_standard,line91.csv
12,PoolingIRSOnly,ImmediateDecisionsSimulation,line91_week/0.25/sample_12/IR_D+WT_FB_2/,line91_week/0.25/sample_12.csv,0.25,flex_bus:2,func_key:IRS_study_standard,line91.csv
13,PoolingIRSOnly,ImmediateDecisionsSimulation,line91_week/0.25/sample_13/IR_D+WT_FB_2/,line91_week/0.25/sample_13.csv,0.25,flex_bus:2,func_key:IRS_study_standard,line91.csv
14,PoolingIRSOnly,ImmediateDecisionsSimulation,line91_week/0.25/sample_14/IR_D+WT_FB_2/,line91_week/0.25/sample_14.csv,0.25,flex_bus:2,func_key:IRS_study_standard,line91.csv
15,PoolingIRSOnly,ImmediateDecisionsSimulation,line91_week/0.25/sample_15/IR_D+WT_FB_2/,line91_week/0.25/sample_15.csv,0.25,flex_bus:2,func_key:IRS_study_standard,line91.csv
16,PoolingIRSOnly,ImmediateDecisionsSimulation,line91_week/0.25/sample_16/IR_D+WT_FB_2/,line91_week/0.25/sample_16.csv,0.25,flex_bus:2,func_key:IRS_study_standard,line91.csv
17,PoolingIRSOnly,ImmediateDecisionsSimulation,line91_week/0.25/sample_17/IR_D+WT_FB_2/,line91_week/0.25/sample_17.csv,0.25,flex_bus:2,func_key:IRS_study_standard,line91.csv
18,PoolingIRSOnly,ImmediateDecisionsSimulation,line91_week/0.25/sample_18/IR_D+WT_FB_2/,line91_week/0.25/sample_18.csv,0.25,flex_bus:2,func_key:IRS_study_standard,line91.csv
19,PoolingIRSOnly,ImmediateDecisionsSimulation,line91_week/0.25/sample_19/IR_D+WT_FB_2/,line91_week/0.25/sample_19.csv,0.25,flex_bus:2,func_key:IRS_study_standard,line91.csv
20,PoolingIRSOnly,ImmediateDecisionsSimulation,line91_week/0.25/sample_20/IR_D+WT_FB_2/,line91_week/0.25/sample_20.csv,0.25,flex_bus:2,func_key:IRS_study_standard,line91.csv
21,PoolingIRSOnly,ImmediateDecisionsSimulation,line91_week/0.25/sample_21/IR_D+WT_FB_2/,line91_week/0.25/sample_21.csv,0.25,flex_bus:2,func_key:IRS_study_standard,line91.csv
22,PoolingIRSOnly,ImmediateDecisionsSimulation,line91_week/0.25/sample_22/IR_D+WT_FB_2/,line91_week/0.25/sample_22.csv,0.25,flex_bus:2,func_key:IRS_study_standard,line91.csv
23,PoolingIRSOnly,ImmediateDecisionsSimulation,line91_week/0.25/sample_23/IR_D+WT_FB_2/,line91_week/0.25/sample_23.csv,0.25,flex_bus:2,func_key:IRS_study_standard,line91.csv
24,PoolingIRSOnly,ImmediateDecisionsSimulation,line91_week/0.25/sample_24/IR_D+WT_FB_2/,line91_week/0.25/sample_24.csv,0.25,flex_bus:2,func_key:IRS_study_standard,line91.csv
25,PoolingIRSOnly,ImmediateDecisionsSimulation,line91_week/0.5/sample_0/IR_D+WT_FB_2/,line91_week/0.5/sample_0.csv,0.5,flex_bus:2,func_key:IRS_study_standard,line91.csv
26,PoolingIRSOnly,ImmediateDecisionsSimulation,line91_week/0.5/sample_1/IR_D+WT_FB_2/,line91_week/0.5/sample_1.csv,0.5,flex_bus:2,func_key:IRS_study_standard,line91.csv
27,PoolingIRSOnly,ImmediateDecisionsSimulation,line91_week/0.5/sample_2/IR_D+WT_FB_2/,line91_week/0.5/sample_2.csv,0.5,flex_bus:2,func_key:IRS_study_standard,line91.csv
28,PoolingIRSOnly,ImmediateDecisionsSimulation,line91_week/0.5/sample_3/IR_D+WT_FB_2/,line91_week/0.5/sample_3.csv,0.5,flex_bus:2,func_key:IRS_study_standard,line91.csv
29,PoolingIRSOnly,ImmediateDecisionsSimulation,line91_week/0.5/sample_4/IR_D+WT_FB_2/,line91_week/0.5/sample_4.csv,0.5,flex_bus:2,func_key:IRS_study_standard,line91.csv
30,PoolingIRSOnly,ImmediateDecisionsSimulation,line91_week/0.5/sample_5/IR_D+WT_FB_2/,line91_week/0.5/sample_5.csv,0.5,flex_bus:2,func_key:IRS_study_standard,line91.csv
31,PoolingIRSOnly,ImmediateDecisionsSimulation,line91_week/0.5/sample_6/IR_D+WT_FB_2/,line91_week/0.5/sample_6.csv,0.5,flex_bus:2,func_key:IRS_study_standard,line91.csv
32,PoolingIRSOnly,ImmediateDecisionsSimulation,line91_week/0.5/sample_7/IR_D+WT_FB_2/,line91_week/0.5/sample_7.csv,0.5,flex_bus:2,func_key:IRS_study_standard,line91.csv
33,PoolingIRSOnly,ImmediateDecisionsSimulation,line91_week/0.5/sample_8/IR_D+WT_FB_2/,line91_week/0.5/sample_8.csv,0.5,flex_bus:2,func_key:IRS_study_standard,line91.csv
34,PoolingIRSOnly,ImmediateDecisionsSimulation,line91_week/0.5/sample_9/IR_D+WT_FB_2/,line91_week/0.5/sample_9.csv,0.5,flex_bus:2,func_key:IRS_study_standard,line91.csv
35,PoolingIRSOnly,ImmediateDecisionsSimulation,line91_week/0.5/sample_10/IR_D+WT_FB_2/,line91_week/0.5/sample_10.csv,0.5,flex_bus:2,func_key:IRS_study_standard,line91.csv
36,PoolingIRSOnly,ImmediateDecisionsSimulation,line91_week/0.5/sample_11/IR_D+WT_FB_2/,line91_week/0.5/sample_11.csv,0.5,flex_bus:2,func_key:IRS_study_standard,line91.csv
37,PoolingIRSOnly,ImmediateDecisionsSimulation,line91_week/0.5/sample_12/IR_D+WT_FB_2/,line91_week/0.5/sample_12.csv,0.5,flex_bus:2,func_key:IRS_study_standard,line91.csv
38,PoolingIRSOnly,ImmediateDecisionsSimulation,line91_week/0.5/sample_13/IR_D+WT_FB_2/,line91_week/0.5/sample_13.csv,0.5,flex_bus:2,func_key:IRS_study_standard,line91.csv
39,PoolingIRSOnly,ImmediateDecisionsSimulation,line91_week/0.5/sample_14/IR_D+WT_FB_2/,line91_week/0.5/sample_14.csv,0.5,flex_bus:2,func_key:IRS_study_standard,line91.csv
40,PoolingIRSOnly,ImmediateDecisionsSimulation,line91_week/0.5/sample_15/IR_D+WT_FB_2/,line91_week/0.5/sample_15.csv,0.5,flex_bus:2,func_key:IRS_study_standard,line91.csv
41,PoolingIRSOnly,ImmediateDecisionsSimulation,line91_week/0.5/sample_16/IR_D+WT_FB_2/,line91_week/0.5/sample_16.csv,0.5,flex_bus:2,func_key:IRS_study_standard,line91.csv
42,PoolingIRSOnly,ImmediateDecisionsSimulation,line91_week/0.5/sample_17/IR_D+WT_FB_2/,line91_week/0.5/sample_17.csv,0.5,flex_bus:2,func_key:IRS_study_standard,line91.csv
43,PoolingIRSOnly,ImmediateDecisionsSimulation,line91_week/0.5/sample_18/IR_D+WT_FB_2/,line91_week/0.5/sample_18.csv,0.5,flex_bus:2,func_key:IRS_study_standard,line91.csv
44,PoolingIRSOnly,ImmediateDecisionsSimulation,line91_week/0.5/sample_19/IR_D+WT_FB_2/,line91_week/0.5/sample_19.csv,0.5,flex_bus:2,func_key:IRS_study_standard,line91.csv
45,PoolingIRSOnly,ImmediateDecisionsSimulation,line91_week/0.5/sample_20/IR_D+WT_FB_2/,line91_week/0.5/sample_20.csv,0.5,flex_bus:2,func_key:IRS_study_standard,line91.csv
46,PoolingIRSOnly,ImmediateDecisionsSimulation,line91_week/0.5/sample_21/IR_D+WT_FB_2/,line91_week/0.5/sample_21.csv,0.5,flex_bus:2,func_key:IRS_study_standard,line91.csv
47,PoolingIRSOnly,ImmediateDecisionsSimulation,line91_week/0.5/sample_22/IR_D+WT_FB_2/,line91_week/0.5/sample_22.csv,0.5,flex_bus:2,func_key:IRS_study_standard,line91.csv
48,PoolingIRSOnly,ImmediateDecisionsSimulation,line91_week/0.5/sample_23/IR_D+WT_FB_2/,line91_week/0.5/sample_23.csv,0.5,flex_bus:2,func_key:IRS_study_standard,line91.csv
49,PoolingIRSOnly,ImmediateDecisionsSimulation,line91_week/0.5/sample_24/IR_D+WT_FB_2/,line91_week/0.5/sample_24.csv,0.5,flex_bus:2,func_key:IRS_study_standard,line91.csv
50,PoolingIRSOnly,ImmediateDecisionsSimulation,line91_week/0.75/sample_0/IR_D+WT_FB_2/,line91_week/0.75/sample_0.csv,0.75,flex_bus:2,func_key:IRS_study_standard,line91.csv
51,PoolingIRSOnly,ImmediateDecisionsSimulation,line91_week/0.75/sample_1/IR_D+WT_FB_2/,line91_week/0.75/sample_1.csv,0.75,flex_bus:2,func_key:IRS_study_standard,line91.csv
52,PoolingIRSOnly,ImmediateDecisionsSimulation,line91_week/0.75/sample_2/IR_D+WT_FB_2/,line91_week/0.75/sample_2.csv,0.75,flex_bus:2,func_key:IRS_study_standard,line91.csv
53,PoolingIRSOnly,ImmediateDecisionsSimulation,line91_week/0.75/sample_3/IR_D+WT_FB_2/,line91_week/0.75/sample_3.csv,0.75,flex_bus:2,func_key:IRS_study_standard,line91.csv
54,PoolingIRSOnly,ImmediateDecisionsSimulation,line91_week/0.75/sample_4/IR_D+WT_FB_2/,line91_week/0.75/sample_4.csv,0.75,flex_bus:2,func_key:IRS_study_standard,line91.csv
55,PoolingIRSOnly,ImmediateDecisionsSimulation,line91_week/0.75/sample_5/IR_D+WT_FB_2/,line91_week/0.75/sample_5.csv,0.75,flex_bus:2,func_key:IRS_study_standard,line91.csv
56,PoolingIRSOnly,ImmediateDecisionsSimulation,line91_week/0.75/sample_6/IR_D+WT_FB_2/,line91_week/0.75/sample_6.csv,0.75,flex_bus:2,func_key:IRS_study_standard,line91.csv
57,PoolingIRSOnly,ImmediateDecisionsSimulation,line91_week/0.75/sample_7/IR_D+WT_FB_2/,line91_week/0.75/sample_7.csv,0.75,flex_bus:2,func_key:IRS_study_standard,line91.csv
58,PoolingIRSOnly,ImmediateDecisionsSimulation,line91_week/0.75/sample_8/IR_D+WT_FB_2/,line91_week/0.75/sample_8.csv,0.75,flex_bus:2,func_key:IRS_study_standard,line91.csv
59,PoolingIRSOnly,ImmediateDecisionsSimulation,line91_week/0.75/sample_9/IR_D+WT_FB_2/,line91_week/0.75/sample_9.csv,0.75,flex_bus:2,func_key:IRS_study_standard,line91.csv
60,PoolingIRSOnly,ImmediateDecisionsSimulation,line91_week/0.75/sample_10/IR_D+WT_FB_2/,line91_week/0.75/sample_10.csv,0.75,flex_bus:2,func_key:IRS_study_standard,line91.csv
61,PoolingIRSOnly,ImmediateDecisionsSimulation,line91_week/0.75/sample_11/IR_D+WT_FB_2/,line91_week/0.75/sample_11.csv,0.75,flex_bus:2,func_key:IRS_study_standard,line91.csv
62,PoolingIRSOnly,ImmediateDecisionsSimulation,line91_week/0.75/sample_12/IR_D+WT_FB_2/,line91_week/0.75/sample_12.csv,0.75,flex_bus:2,func_key:IRS_study_standard,line91.csv
63,PoolingIRSOnly,ImmediateDecisionsSimulation,line91_week/0.75/sample_13/IR_D+WT_FB_2/,line91_week/0.75/sample_13.csv,0.75,flex_bus:2,func_key:IRS_study_standard,line91.csv
64,PoolingIRSOnly,ImmediateDecisionsSimulation,line91_week/0.75/sample_14/IR_D+WT_FB_2/,line91_week/0.75/sample_14.csv,0.75,flex_bus:2,func_key:IRS_study_standard,line91.csv
65,PoolingIRSOnly,ImmediateDecisionsSimulation,line91_week/0.75/sample_15/IR_D+WT_FB_2/,line91_week/0.75/sample_15.csv,0.75,flex_bus:2,func_key:IRS_study_standard,line91.csv
66,PoolingIRSOnly,ImmediateDecisionsSimulation,line91_week/0.75/sample_16/IR_D+WT_FB_2/,line91_week/0.75/sample_16.csv,0.75,flex_bus:2,func_key:IRS_study_standard,line91.csv
67,PoolingIRSOnly,ImmediateDecisionsSimulation,line91_week/0.75/sample_17/IR_D+WT_FB_2/,line91_week/0.75/sample_17.csv,0.75,flex_bus:2,func_key:IRS_study_standard,line91.csv
68,PoolingIRSOnly,ImmediateDecisionsSimulation,line91_week/0.75/sample_18/IR_D+WT_FB_2/,line91_week/0.75/sample_18.csv,0.75,flex_bus:2,func_key:IRS_study_standard,line91.csv
69,PoolingIRSOnly,ImmediateDecisionsSimulation,line91_week/0.75/sample_19/IR_D+WT_FB_2/,line91_week/0.75/sample_19.csv,0.75,flex_bus:2,func_key:IRS_study_standard,line91.csv
70,PoolingIRSOnly,ImmediateDecisionsSimulation,line91_week/0.75/sample_20/IR_D+WT_FB_2/,line91_week/0.75/sample_20.csv,0.75,flex_bus:2,func_key:IRS_study_standard,line91.csv
71,PoolingIRSOnly,ImmediateDecisionsSimulation,line91_week/0.75/sample_21/IR_D+WT_FB_2/,line91_week/0.75/sample_21.csv,0.75,flex_bus:2,func_key:IRS_study_standard,line91.csv
72,PoolingIRSOnly,ImmediateDecisionsSimulation,line91_week/0.75/sample_22/IR_D+WT_FB_2/,line91_week/0.75/sample_22.csv,0.75,flex_bus:2,func_key:IRS_study_standard,line91.csv
73,PoolingIRSOnly,ImmediateDecisionsSimulation,line91_week/0.75/sample_23/IR_D+WT_FB_2/,line91_week/0.75/sample_23.csv,0.75,flex_bus:2,func_key:IRS_study_standard,line91.csv
74,PoolingIRSOnly,ImmediateDecisionsSimulation,line91_week/0.75/sample_24/IR_D+WT_FB_2/,line91_week/0.75/sample_24.csv,0.75,flex_bus:2,func_key:IRS_study_standard,line91.csv
75,PoolingIRSOnly,ImmediateDecisionsSimulation,line91_week/1.0/sample_0/IR_D+WT_FB_2/,line91_week/1.0/sample_0.csv,1.0,flex_bus:2,func_key:IRS_study_standard,line91.csv
76,PoolingIRSOnly,ImmediateDecisionsSimulation,line91_week/1.0/sample_1/IR_D+WT_FB_2/,line91_week/1.0/sample_1.csv,1.0,flex_bus:2,func_key:IRS_study_standard,line91.csv
77,PoolingIRSOnly,ImmediateDecisionsSimulation,line91_week/1.0/sample_2/IR_D+WT_FB_2/,line91_week/1.0/sample_2.csv,1.0,flex_bus:2,func_key:IRS_study_standard,line91.csv
78,PoolingIRSOnly,ImmediateDecisionsSimulation,line91_week/1.0/sample_3/IR_D+WT_FB_2/,line91_week/1.0/sample_3.csv,1.0,flex_bus:2,func_key:IRS_study_standard,line91.csv
79,PoolingIRSOnly,ImmediateDecisionsSimulation,line91_week/1.0/sample_4/IR_D+WT_FB_2/,line91_week/1.0/sample_4.csv,1.0,flex_bus:2,func_key:IRS_study_standard,line91.csv
80,PoolingIRSOnly,ImmediateDecisionsSimulation,line91_week/1.0/sample_5/IR_D+WT_FB_2/,line91_week/1.0/sample_5.csv,1.0,flex_bus:2,func_key:IRS_study_standard,line91.csv
81,PoolingIRSOnly,ImmediateDecisionsSimulation,line91_week/1.0/sample_6/IR_D+WT_FB_2/,line91_week/1.0/sample_6.csv,1.0,flex_bus:2,func_key:IRS_study_standard,line91.csv
82,PoolingIRSOnly,ImmediateDecisionsSimulation,line91_week/1.0/sample_7/IR_D+WT_FB_2/,line91_week/1.0/sample_7.csv,1.0,flex_bus:2,func_key:IRS_study_standard,line91.csv
83,PoolingIRSOnly,ImmediateDecisionsSimulation,line91_week/1.0/sample_8/IR_D+WT_FB_2/,line91_week/1.0/sample_8.csv,1.0,flex_bus:2,func_key:IRS_study_standard,line91.csv
84,PoolingIRSOnly,ImmediateDecisionsSimulation,line91_week/1.0/sample_9/IR_D+WT_FB_2/,line91_week/1.0/sample_9.csv,1.0,flex_bus:2,func_key:IRS_study_standard,line91.csv
85,PoolingIRSOnly,ImmediateDecisionsSimulation,line91_week/1.0/sample_10/IR_D+WT_FB_2/,line91_week/1.0/sample_10.csv,1.0,flex_bus:2,func_key:IRS_study_standard,line91.csv
86,PoolingIRSOnly,ImmediateDecisionsSimulation,line91_week/1.0/sample_11/IR_D+WT_FB_2/,line91_week/1.0/sample_11.csv,1.0,flex_bus:2,func_key:IRS_study_standard,line91.csv
87,PoolingIRSOnly,ImmediateDecisionsSimulation,line91_week/1.0/sample_12/IR_D+WT_FB_2/,line91_week/1.0/sample_12.csv,1.0,flex_bus:2,func_key:IRS_study_standard,line91.csv
88,PoolingIRSOnly,ImmediateDecisionsSimulation,line91_week/1.0/sample_13/IR_D+WT_FB_2/,line91_week/1.0/sample_13.csv,1.0,flex_bus:2,func_key:IRS_study_standard,line91.csv
89,PoolingIRSOnly,ImmediateDecisionsSimulation,line91_week/1.0/sample_14/IR_D+WT_FB_2/,line91_week/1.0/sample_14.csv,1.0,flex_bus:2,func_key:IRS_study_standard,line91.csv
90,PoolingIRSOnly,ImmediateDecisionsSimulation,line91_week/1.0/sample_15/IR_D+WT_FB_2/,line91_week/1.0/sample_15.csv,1.0,flex_bus:2,func_key:IRS_study_standard,line91.csv
91,PoolingIRSOnly,ImmediateDecisionsSimulation,line91_week/1.0/sample_16/IR_D+WT_FB_2/,line91_week/1.0/sample_16.csv,1.0,flex_bus:2,func_key:IRS_study_standard,line91.csv
92,PoolingIRSOnly,ImmediateDecisionsSimulation,line91_week/1.0/sample_17/IR_D+WT_FB_2/,line91_week/1.0/sample_17.csv,1.0,flex_bus:2,func_key:IRS_study_standard,line91.csv
93,PoolingIRSOnly,ImmediateDecisionsSimulation,line91_week/1.0/sample_18/IR_D+WT_FB_2/,line91_week/1.0/sample_18.csv,1.0,flex_bus:2,func_key:IRS_study_standard,line91.csv
94,PoolingIRSOnly,ImmediateDecisionsSimulation,line91_week/1.0/sample_19/IR_D+WT_FB_2/,line91_week/1.0/sample_19.csv,1.0,flex_bus:2,func_key:IRS_study_standard,line91.csv
95,PoolingIRSOnly,ImmediateDecisionsSimulation,line91_week/1.0/sample_20/IR_D+WT_FB_2/,line91_week/1.0/sample_20.csv,1.0,flex_bus:2,func_key:IRS_study_standard,line91.csv
96,PoolingIRSOnly,ImmediateDecisionsSimulation,line91_week/1.0/sample_21/IR_D+WT_FB_2/,line91_week/1.0/sample_21.csv,1.0,flex_bus:2,func_key:IRS_study_standard,line91.csv
97,PoolingIRSOnly,ImmediateDecisionsSimulation,line91_week/1.0/sample_22/IR_D+WT_FB_2/,line91_week/1.0/sample_22.csv,1.0,flex_bus:2,func_key:IRS_study_standard,line91.csv
98,PoolingIRSOnly,ImmediateDecisionsSimulation,line91_week/1.0/sample_23/IR_D+WT_FB_2/,line91_week/1.0/sample_23.csv,1.0,flex_bus:2,func_key:IRS_study_standard,line91.csv
99,PoolingIRSOnly,ImmediateDecisionsSimulation,line91_week/1.0/sample_24/IR_D+WT_FB_2/,line91_week/1.0/sample_24.csv,1.0,flex_bus:2,func_key:IRS_study_standard,line91.csv
100,PoolingIRSOnly,ImmediateDecisionsSimulation,line91_week/1.25/sample_0/IR_D+WT_FB_2/,line91_week/1.25/sample_0.csv,1.25,flex_bus:2,func_key:IRS_study_standard,line91.csv
101,PoolingIRSOnly,ImmediateDecisionsSimulation,line91_week/1.25/sample_1/IR_D+WT_FB_2/,line91_week/1.25/sample_1.csv,1.25,flex_bus:2,func_key:IRS_study_standard,line91.csv
102,PoolingIRSOnly,ImmediateDecisionsSimulation,line91_week/1.25/sample_2/IR_D+WT_FB_2/,line91_week/1.25/sample_2.csv,1.25,flex_bus:2,func_key:IRS_study_standard,line91.csv
103,PoolingIRSOnly,ImmediateDecisionsSimulation,line91_week/1.25/sample_3/IR_D+WT_FB_2/,line91_week/1.25/sample_3.csv,1.25,flex_bus:2,func_key:IRS_study_standard,line91.csv
104,PoolingIRSOnly,ImmediateDecisionsSimulation,line91_week/1.25/sample_4/IR_D+WT_FB_2/,line91_week/1.25/sample_4.csv,1.25,flex_bus:2,func_key:IRS_study_standard,line91.csv
105,PoolingIRSOnly,ImmediateDecisionsSimulation,line91_week/1.25/sample_5/IR_D+WT_FB_2/,line91_week/1.25/sample_5.csv,1.25,flex_bus:2,func_key:IRS_study_standard,line91.csv
106,PoolingIRSOnly,ImmediateDecisionsSimulation,line91_week/1.25/sample_6/IR_D+WT_FB_2/,line91_week/1.25/sample_6.csv,1.25,flex_bus:2,func_key:IRS_study_standard,line91.csv
107,PoolingIRSOnly,ImmediateDecisionsSimulation,line91_week/1.25/sample_7/IR_D+WT_FB_2/,line91_week/1.25/sample_7.csv,1.25,flex_bus:2,func_key:IRS_study_standard,line91.csv
108,PoolingIRSOnly,ImmediateDecisionsSimulation,line91_week/1.25/sample_8/IR_D+WT_FB_2/,line91_week/1.25/sample_8.csv,1.25,flex_bus:2,func_key:IRS_study_standard,line91.csv
109,PoolingIRSOnly,ImmediateDecisionsSimulation,line91_week/1.25/sample_9/IR_D+WT_FB_2/,line91_week/1.25/sample_9.csv,1.25,flex_bus:2,func_key:IRS_study_standard,line91.csv
110,PoolingIRSOnly,ImmediateDecisionsSimulation,line91_week/1.25/sample_10/IR_D+WT_FB_2/,line91_week/1.25/sample_10.csv,1.25,flex_bus:2,func_key:IRS_study_standard,line91.csv
111,PoolingIRSOnly,ImmediateDecisionsSimulation,line91_week/1.25/sample_11/IR_D+WT_FB_2/,line91_week/1.25/sample_11.csv,1.25,flex_bus:2,func_key:IRS_study_standard,line91.csv
112,PoolingIRSOnly,ImmediateDecisionsSimulation,line91_week/1.25/sample_12/IR_D+WT_FB_2/,line91_week/1.25/sample_12.csv,1.25,flex_bus:2,func_key:IRS_study_standard,line91.csv
113,PoolingIRSOnly,ImmediateDecisionsSimulation,line91_week/1.25/sample_13/IR_D+WT_FB_2/,line91_week/1.25/sample_13.csv,1.25,flex_bus:2,func_key:IRS_study_standard,line91.csv
114,PoolingIRSOnly,ImmediateDecisionsSimulation,line91_week/1.25/sample_14/IR_D+WT_FB_2/,line91_week/1.25/sample_14.csv,1.25,flex_bus:2,func_key:IRS_study_standard,line91.csv
115,PoolingIRSOnly,ImmediateDecisionsSimulation,line91_week/1.25/sample_15/IR_D+WT_FB_2/,line91_week/1.25/sample_15.csv,1.25,flex_bus:2,func_key:IRS_study_standard,line91.csv
116,PoolingIRSOnly,ImmediateDecisionsSimulation,line91_week/1.25/sample_16/IR_D+WT_FB_2/,line91_week/1.25/sample_16.csv,1.25,flex_bus:2,func_key:IRS_study_standard,line91.csv
117,PoolingIRSOnly,ImmediateDecisionsSimulation,line91_week/1.25/sample_17/IR_D+WT_FB_2/,line91_week/1.25/sample_17.csv,1.25,flex_bus:2,func_key:IRS_study_standard,line91.csv
118,PoolingIRSOnly,ImmediateDecisionsSimulation,line91_week/1.25/sample_18/IR_D+WT_FB_2/,line91_week/1.25/sample_18.csv,1.25,flex_bus:2,func_key:IRS_study_standard,line91.csv
119,PoolingIRSOnly,ImmediateDecisionsSimulation,line91_week/1.25/sample_19/IR_D+WT_FB_2/,line91_week/1.25/sample_19.csv,1.25,flex_bus:2,func_key:IRS_study_standard,line91.csv
120,PoolingIRSOnly,ImmediateDecisionsSimulation,line91_week/1.25/sample_20/IR_D+WT_FB_2/,line91_week/1.25/sample_20.csv,1.25,flex_bus:2,func_key:IRS_study_standard,line91.csv
121,PoolingIRSOnly,ImmediateDecisionsSimulation,line91_week/1.25/sample_21/IR_D+WT_FB_2/,line91_week/1.25/sample_21.csv,1.25,flex_bus:2,func_key:IRS_study_standard,line91.csv
122,PoolingIRSOnly,ImmediateDecisionsSimulation,line91_week/1.25/sample_22/IR_D+WT_FB_2/,line91_week/1.25/sample_22.csv,1.25,flex_bus:2,func_key:IRS_study_standard,line91.csv
123,PoolingIRSOnly,ImmediateDecisionsSimulation,line91_week/1.25/sample_23/IR_D+WT_FB_2/,line91_week/1.25/sample_23.csv,1.25,flex_bus:2,func_key:IRS_study_standard,line91.csv
124,PoolingIRSOnly,ImmediateDecisionsSimulation,line91_week/1.25/sample_24/IR_D+WT_FB_2/,line91_week/1.25/sample_24.csv,1.25,flex_bus:2,func_key:IRS_study_standard,line91.csv
125,PoolingIRSOnly,ImmediateDecisionsSimulation,line91_week/1.5/sample_0/IR_D+WT_FB_2/,line91_week/1.5/sample_0.csv,1.5,flex_bus:2,func_key:IRS_study_standard,line91.csv
126,PoolingIRSOnly,ImmediateDecisionsSimulation,line91_week/1.5/sample_1/IR_D+WT_FB_2/,line91_week/1.5/sample_1.csv,1.5,flex_bus:2,func_key:IRS_study_standard,line91.csv
127,PoolingIRSOnly,ImmediateDecisionsSimulation,line91_week/1.5/sample_2/IR_D+WT_FB_2/,line91_week/1.5/sample_2.csv,1.5,flex_bus:2,func_key:IRS_study_standard,line91.csv
128,PoolingIRSOnly,ImmediateDecisionsSimulation,line91_week/1.5/sample_3/IR_D+WT_FB_2/,line91_week/1.5/sample_3.csv,1.5,flex_bus:2,func_key:IRS_study_standard,line91.csv
129,PoolingIRSOnly,ImmediateDecisionsSimulation,line91_week/1.5/sample_4/IR_D+WT_FB_2/,line91_week/1.5/sample_4.csv,1.5,flex_bus:2,func_key:IRS_study_standard,line91.csv
130,PoolingIRSOnly,ImmediateDecisionsSimulation,line91_week/1.5/sample_5/IR_D+WT_FB_2/,line91_week/1.5/sample_5.csv,1.5,flex_bus:2,func_key:IRS_study_standard,line91.csv
131,PoolingIRSOnly,ImmediateDecisionsSimulation,line91_week/1.5/sample_6/IR_D+WT_FB_2/,line91_week/1.5/sample_6.csv,1.5,flex_bus:2,func_key:IRS_study_standard,line91.csv
132,PoolingIRSOnly,ImmediateDecisionsSimulation,line91_week/1.5/sample_7/IR_D+WT_FB_2/,line91_week/1.5/sample_7.csv,1.5,flex_bus:2,func_key:IRS_study_standard,line91.csv
133,PoolingIRSOnly,ImmediateDecisionsSimulation,line91_week/1.5/sample_8/IR_D+WT_FB_2/,line91_week/1.5/sample_8.csv,1.5,flex_bus:2,func_key:IRS_study_standard,line91.csv
134,PoolingIRSOnly,ImmediateDecisionsSimulation,line91_week/1.5/sample_9/IR_D+WT_FB_2/,line91_week/1.5/sample_9.csv,1.5,flex_bus:2,func_key:IRS_study_standard,line91.csv
135,PoolingIRSOnly,ImmediateDecisionsSimulation,line91_week/1.5/sample_10/IR_D+WT_FB_2/,line91_week/1.5/sample_10.csv,1.5,flex_bus:2,func_key:IRS_study_standard,line91.csv
136,PoolingIRSOnly,ImmediateDecisionsSimulation,line91_week/1.5/sample_11/IR_D+WT_FB_2/,line91_week/1.5/sample_11.csv,1.5,flex_bus:2,func_key:IRS_study_standard,line91.csv
137,PoolingIRSOnly,ImmediateDecisionsSimulation,line91_week/1.5/sample_12/IR_D+WT_FB_2/,line91_week/1.5/sample_12.csv,1.5,flex_bus:2,func_key:IRS_study_standard,line91.csv
138,PoolingIRSOnly,ImmediateDecisionsSimulation,line91_week/1.5/sample_13/IR_D+WT_FB_2/,line91_week/1.5/sample_13.csv,1.5,flex_bus:2,func_key:IRS_study_standard,line91.csv
139,PoolingIRSOnly,ImmediateDecisionsSimulation,line91_week/1.5/sample_14/IR_D+WT_FB_2/,line91_week/1.5/sample_14.csv,1.5,flex_bus:2,func_key:IRS_study_standard,line91.csv
140,PoolingIRSOnly,ImmediateDecisionsSimulation,line91_week/1.5/sample_15/IR_D+WT_FB_2/,line91_week/1.5/sample_15.csv,1.5,flex_bus:2,func_key:IRS_study_standard,line91.csv
141,PoolingIRSOnly,ImmediateDecisionsSimulation,line91_week/1.5/sample_16/IR_D+WT_FB_2/,line91_week/1.5/sample_16.csv,1.5,flex_bus:2,func_key:IRS_study_standard,line91.csv
142,PoolingIRSOnly,ImmediateDecisionsSimulation,line91_week/1.5/sample_17/IR_D+WT_FB_2/,line91_week/1.5/sample_17.csv,1.5,flex_bus:2,func_key:IRS_study_standard,line91.csv
143,PoolingIRSOnly,ImmediateDecisionsSimulation,line91_week/1.5/sample_18/IR_D+WT_FB_2/,line91_week/1.5/sample_18.csv,1.5,flex_bus:2,func_key:IRS_study_standard,line91.csv
144,PoolingIRSOnly,ImmediateDecisionsSimulation,line91_week/1.5/sample_19/IR_D+WT_FB_2/,line91_week/1.5/sample_19.csv,1.5,flex_bus:2,func_key:IRS_study_standard,line91.csv
145,PoolingIRSOnly,ImmediateDecisionsSimulation,line91_week/1.5/sample_20/IR_D+WT_FB_2/,line91_week/1.5/sample_20.csv,1.5,flex_bus:2,func_key:IRS_study_standard,line91.csv
146,PoolingIRSOnly,ImmediateDecisionsSimulation,line91_week/1.5/sample_21/IR_D+WT_FB_2/,line91_week/1.5/sample_21.csv,1.5,flex_bus:2,func_key:IRS_study_standard,line91.csv
147,PoolingIRSOnly,ImmediateDecisionsSimulation,line91_week/1.5/sample_22/IR_D+WT_FB_2/,line91_week/1.5/sample_22.csv,1.5,flex_bus:2,func_key:IRS_study_standard,line91.csv
148,PoolingIRSOnly,ImmediateDecisionsSimulation,line91_week/1.5/sample_23/IR_D+WT_FB_2/,line91_week/1.5/sample_23.csv,1.5,flex_bus:2,func_key:IRS_study_standard,line91.csv
149,PoolingIRSOnly,ImmediateDecisionsSimulation,line91_week/1.5/sample_24/IR_D+WT_FB_2/,line91_week/1.5/sample_24.csv,1.5,flex_bus:2,func_key:IRS_study_standard,line91.csv
150,PoolingIRSOnly,ImmediateDecisionsSimulation,line91_week/1.75/sample_0/IR_D+WT_FB_2/,line91_week/1.75/sample_0.csv,1.75,flex_bus:2,func_key:IRS_study_standard,line91.csv
151,PoolingIRSOnly,ImmediateDecisionsSimulation,line91_week/1.75/sample_1/IR_D+WT_FB_2/,line91_week/1.75/sample_1.csv,1.75,flex_bus:2,func_key:IRS_study_standard,line91.csv
152,PoolingIRSOnly,ImmediateDecisionsSimulation,line91_week/1.75/sample_2/IR_D+WT_FB_2/,line91_week/1.75/sample_2.csv,1.75,flex_bus:2,func_key:IRS_study_standard,line91.csv
153,PoolingIRSOnly,ImmediateDecisionsSimulation,line91_week/1.75/sample_3/IR_D+WT_FB_2/,line91_week/1.75/sample_3.csv,1.75,flex_bus:2,func_key:IRS_study_standard,line91.csv
154,PoolingIRSOnly,ImmediateDecisionsSimulation,line91_week/1.75/sample_4/IR_D+WT_FB_2/,line91_week/1.75/sample_4.csv,1.75,flex_bus:2,func_key:IRS_study_standard,line91.csv
155,PoolingIRSOnly,ImmediateDecisionsSimulation,line91_week/1.75/sample_5/IR_D+WT_FB_2/,line91_week/1.75/sample_5.csv,1.75,flex_bus:2,func_key:IRS_study_standard,line91.csv
156,PoolingIRSOnly,ImmediateDecisionsSimulation,line91_week/1.75/sample_6/IR_D+WT_FB_2/,line91_week/1.75/sample_6.csv,1.75,flex_bus:2,func_key:IRS_study_standard,line91.csv
157,PoolingIRSOnly,ImmediateDecisionsSimulation,line91_week/1.75/sample_7/IR_D+WT_FB_2/,line91_week/1.75/sample_7.csv,1.75,flex_bus:2,func_key:IRS_study_standard,line91.csv
158,PoolingIRSOnly,ImmediateDecisionsSimulation,line91_week/1.75/sample_8/IR_D+WT_FB_2/,line91_week/1.75/sample_8.csv,1.75,flex_bus:2,func_key:IRS_study_standard,line91.csv
159,PoolingIRSOnly,ImmediateDecisionsSimulation,line91_week/1.75/sample_9/IR_D+WT_FB_2/,line91_week/1.75/sample_9.csv,1.75,flex_bus:2,func_key:IRS_study_standard,line91.csv
160,PoolingIRSOnly,ImmediateDecisionsSimulation,line91_week/1.75/sample_10/IR_D+WT_FB_2/,line91_week/1.75/sample_10.csv,1.75,flex_bus:2,func_key:IRS_study_standard,line91.csv
161,PoolingIRSOnly,ImmediateDecisionsSimulation,line91_week/1.75/sample_11/IR_D+WT_FB_2/,line91_week/1.75/sample_11.csv,1.75,flex_bus:2,func_key:IRS_study_standard,line91.csv
162,PoolingIRSOnly,ImmediateDecisionsSimulation,line91_week/1.75/sample_12/IR_D+WT_FB_2/,line91_week/1.75/sample_12.csv,1.75,flex_bus:2,func_key:IRS_study_standard,line91.csv
163,PoolingIRSOnly,ImmediateDecisionsSimulation,line91_week/1.75/sample_13/IR_D+WT_FB_2/,line91_week/1.75/sample_13.csv,1.75,flex_bus:2,func_key:IRS_study_standard,line91.csv
164,PoolingIRSOnly,ImmediateDecisionsSimulation,line91_week/1.75/sample_14/IR_D+WT_FB_2/,line91_week/1.75/sample_14.csv,1.75,flex_bus:2,func_key:IRS_study_standard,line91.csv
165,PoolingIRSOnly,ImmediateDecisionsSimulation,line91_week/1.75/sample_15/IR_D+WT_FB_2/,line91_week/1.75/sample_15.csv,1.75,flex_bus:2,func_key:IRS_study_standard,line91.csv
166,PoolingIRSOnly,ImmediateDecisionsSimulation,line91_week/1.75/sample_16/IR_D+WT_FB_2/,line91_week/1.75/sample_16.csv,1.75,flex_bus:2,func_key:IRS_study_standard,line91.csv
167,PoolingIRSOnly,ImmediateDecisionsSimulation,line91_week/1.75/sample_17/IR_D+WT_FB_2/,line91_week/1.75/sample_17.csv,1.75,flex_bus:2,func_key:IRS_study_standard,line91.csv
168,PoolingIRSOnly,ImmediateDecisionsSimulation,line91_week/1.75/sample_18/IR_D+WT_FB_2/,line91_week/1.75/sample_18.csv,1.75,flex_bus:2,func_key:IRS_study_standard,line91.csv
169,PoolingIRSOnly,ImmediateDecisionsSimulation,line91_week/1.75/sample_19/IR_D+WT_FB_2/,line91_week/1.75/sample_19.csv,1.75,flex_bus:2,func_key:IRS_study_standard,line91.csv
170,PoolingIRSOnly,ImmediateDecisionsSimulation,line91_week/1.75/sample_20/IR_D+WT_FB_2/,line91_week/1.75/sample_20.csv,1.75,flex_bus:2,func_key:IRS_study_standard,line91.csv
171,PoolingIRSOnly,ImmediateDecisionsSimulation,line91_week/1.75/sample_21/IR_D+WT_FB_2/,line91_week/1.75/sample_21.csv,1.75,flex_bus:2,func_key:IRS_study_standard,line91.csv
172,PoolingIRSOnly,ImmediateDecisionsSimulation,line91_week/1.75/sample_22/IR_D+WT_FB_2/,line91_week/1.75/sample_22.csv,1.75,flex_bus:2,func_key:IRS_study_standard,line91.csv
173,PoolingIRSOnly,ImmediateDecisionsSimulation,line91_week/1.75/sample_23/IR_D+WT_FB_2/,line91_week/1.75/sample_23.csv,1.75,flex_bus:2,func_key:IRS_study_standard,line91.csv
174,PoolingIRSOnly,ImmediateDecisionsSimulation,line91_week/1.75/sample_24/IR_D+WT_FB_2/,line91_week/1.75/sample_24.csv,1.75,flex_bus:2,func_key:IRS_study_standard,line91.csv
175,PoolingIRSOnly,ImmediateDecisionsSimulation,line91_week/2.0/sample_0/IR_D+WT_FB_2/,line91_week/2.0/sample_0.csv,2.0,flex_bus:2,func_key:IRS_study_standard,line91.csv
176,PoolingIRSOnly,ImmediateDecisionsSimulation,line91_week/2.0/sample_1/IR_D+WT_FB_2/,line91_week/2.0/sample_1.csv,2.0,flex_bus:2,func_key:IRS_study_standard,line91.csv
177,PoolingIRSOnly,ImmediateDecisionsSimulation,line91_week/2.0/sample_2/IR_D+WT_FB_2/,line91_week/2.0/sample_2.csv,2.0,flex_bus:2,func_key:IRS_study_standard,line91.csv
178,PoolingIRSOnly,ImmediateDecisionsSimulation,line91_week/2.0/sample_3/IR_D+WT_FB_2/,line91_week/2.0/sample_3.csv,2.0,flex_bus:2,func_key:IRS_study_standard,line91.csv
179,PoolingIRSOnly,ImmediateDecisionsSimulation,line91_week/2.0/sample_4/IR_D+WT_FB_2/,line91_week/2.0/sample_4.csv,2.0,flex_bus:2,func_key:IRS_study_standard,line91.csv
180,PoolingIRSOnly,ImmediateDecisionsSimulation,line91_week/2.0/sample_5/IR_D+WT_FB_2/,line91_week/2.0/sample_5.csv,2.0,flex_bus:2,func_key:IRS_study_standard,line91.csv
181,PoolingIRSOnly,ImmediateDecisionsSimulation,line91_week/2.0/sample_6/IR_D+WT_FB_2/,line91_week/2.0/sample_6.csv,2.0,flex_bus:2,func_key:IRS_study_standard,line91.csv
182,PoolingIRSOnly,ImmediateDecisionsSimulation,line91_week/2.0/sample_7/IR_D+WT_FB_2/,line91_week/2.0/sample_7.csv,2.0,flex_bus:2,func_key:IRS_study_standard,line91.csv
183,PoolingIRSOnly,ImmediateDecisionsSimulation,line91_week/2.0/sample_8/IR_D+WT_FB_2/,line91_week/2.0/sample_8.csv,2.0,flex_bus:2,func_key:IRS_study_standard,line91.csv
184,PoolingIRSOnly,ImmediateDecisionsSimulation,line91_week/2.0/sample_9/IR_D+WT_FB_2/,line91_week/2.0/sample_9.csv,2.0,flex_bus:2,func_key:IRS_study_standard,line91.csv
185,PoolingIRSOnly,ImmediateDecisionsSimulation,line91_week/2.0/sample_10/IR_D+WT_FB_2/,line91_week/2.0/sample_10.csv,2.0,flex_bus:2,func_key:IRS_study_standard,line91.csv
186,PoolingIRSOnly,ImmediateDecisionsSimulation,line91_week/2.0/sample_11/IR_D+WT_FB_2/,line91_week/2.0/sample_11.csv,2.0,flex_bus:2,func_key:IRS_study_standard,line91.csv
187,PoolingIRSOnly,ImmediateDecisionsSimulation,line91_week/2.0/sample_12/IR_D+WT_FB_2/,line91_week/2.0/sample_12.csv,2.0,flex_bus:2,func_key:IRS_study_standard,line91.csv
188,PoolingIRSOnly,ImmediateDecisionsSimulation,line91_week/2.0/sample_13/IR_D+WT_FB_2/,line91_week/2.0/sample_13.csv,2.0,flex_bus:2,func_key:IRS_study_standard,line91.csv
189,PoolingIRSOnly,ImmediateDecisionsSimulation,line91_week/2.0/sample_14/IR_D+WT_FB_2/,line91_week/2.0/sample_14.csv,2.0,flex_bus:2,func_key:IRS_study_standard,line91.csv
190,PoolingIRSOnly,ImmediateDecisionsSimulation,line91_week/2.0/sample_15/IR_D+WT_FB_2/,line91_week/2.0/sample_15.csv,2.0,flex_bus:2,func_key:IRS_study_standard,line91.csv
191,PoolingIRSOnly,ImmediateDecisionsSimulation,line91_week/2.0/sample_16/IR_D+WT_FB_2/,line91_week/2.0/sample_16.csv,2.0,flex_bus:2,func_key:IRS_study_standard,line91.csv
192,PoolingIRSOnly,ImmediateDecisionsSimulation,line91_week/2.0/sample_17/IR_D+WT_FB_2/,line91_week/2.0/sample_17.csv,2.0,flex_bus:2,func_key:IRS_study_standard,line91.csv
193,PoolingIRSOnly,ImmediateDecisionsSimulation,line91_week/2.0/sample_18/IR_D+WT_FB_2/,line91_week/2.0/sample_18.csv,2.0,flex_bus:2,func_key:IRS_study_standard,line91.csv
194,PoolingIRSOnly,ImmediateDecisionsSimulation,line91_week/2.0/sample_19/IR_D+WT_FB_2/,line91_week/2.0/sample_19.csv,2.0,flex_bus:2,func_key:IRS_study_standard,line91.csv
195,PoolingIRSOnly,ImmediateDecisionsSimulation,line91_week/2.0/sample_20/IR_D+WT_FB_2/,line91_week/2.0/sample_20.csv,2.0,flex_bus:2,func_key:IRS_study_standard,line91.csv
196,PoolingIRSOnly,ImmediateDecisionsSimulation,line91_week/2.0/sample_21/IR_D+WT_FB_2/,line91_week/2.0/sample_21.csv,2.0,flex_bus:2,func_key:IRS_study_standard,line91.csv
197,PoolingIRSOnly,ImmediateDecisionsSimulation,line91_week/2.0/sample_22/IR_D+WT_FB_2/,line91_week/2.0/sample_22.csv,2.0,flex_bus:2,func_key:IRS_study_standard,line91.csv
198,PoolingIRSOnly,ImmediateDecisionsSimulation,line91_week/2.0/sample_23/IR_D+WT_FB_2/,line91_week/2.0/sample_23.csv,2.0,flex_bus:2,func_key:IRS_study_standard,line91.csv
199,PoolingIRSOnly,ImmediateDecisionsSimulation,line91_week/2.0/sample_24/IR_D+WT_FB_2/,line91_week/2.0/sample_24.csv,2.0,flex_bus:2,func_key:IRS_study_standard,line91.csv
200,PoolingIRSOnly,ImmediateDecisionsSimulation,line91_week/3.0/sample_0/IR_D+WT_FB_2/,line91_week/3.0/sample_0.csv,3.0,flex_bus:2,func_key:IRS_study_standard,line91.csv
201,PoolingIRSOnly,ImmediateDecisionsSimulation,line91_week/3.0/sample_1/IR_D+WT_FB_2/,line91_week/3.0/sample_1.csv,3.0,flex_bus:2,func_key:IRS_study_standard,line91.csv
202,PoolingIRSOnly,ImmediateDecisionsSimulation,line91_week/3.0/sample_2/IR_D+WT_FB_2/,line91_week/3.0/sample_2.csv,3.0,flex_bus:2,func_key:IRS_study_standard,line91.csv
203,PoolingIRSOnly,ImmediateDecisionsSimulation,line91_week/3.0/sample_3/IR_D+WT_FB_2/,line91_week/3.0/sample_3.csv,3.0,flex_bus:2,func_key:IRS_study_standard,line91.csv
204,PoolingIRSOnly,ImmediateDecisionsSimulation,line91_week/3.0/sample_4/IR_D+WT_FB_2/,line91_week/3.0/sample_4.csv,3.0,flex_bus:2,func_key:IRS_study_standard,line91.csv
205,PoolingIRSOnly,ImmediateDecisionsSimulation,line91_week/3.0/sample_5/IR_D+WT_FB_2/,line91_week/3.0/sample_5.csv,3.0,flex_bus:2,func_key:IRS_study_standard,line91.csv
206,PoolingIRSOnly,ImmediateDecisionsSimulation,line91_week/3.0/sample_6/IR_D+WT_FB_2/,line91_week/3.0/sample_6.csv,3.0,flex_bus:2,func_key:IRS_study_standard,line91.csv
207,PoolingIRSOnly,ImmediateDecisionsSimulation,line91_week/3.0/sample_7/IR_D+WT_FB_2/,line91_week/3.0/sample_7.csv,3.0,flex_bus:2,func_key:IRS_study_standard,line91.csv
208,PoolingIRSOnly,ImmediateDecisionsSimulation,line91_week/3.0/sample_8/IR_D+WT_FB_2/,line91_week/3.0/sample_8.csv,3.0,flex_bus:2,func_key:IRS_study_standard,line91.csv
209,PoolingIRSOnly,ImmediateDecisionsSimulation,line91_week/3.0/sample_9/IR_D+WT_FB_2/,line91_week/3.0/sample_9.csv,3.0,flex_bus:2,func_key:IRS_study_standard,line91.csv
210,PoolingIRSOnly,ImmediateDecisionsSimulation,line91_week/3.0/sample_10/IR_D+WT_FB_2/,line91_week/3.0/sample_10.csv,3.0,flex_bus:2,func_key:IRS_study_standard,line91.csv
211,PoolingIRSOnly,ImmediateDecisionsSimulation,line91_week/3.0/sample_11/IR_D+WT_FB_2/,line91_week/3.0/sample_11.csv,3.0,flex_bus:2,func_key:IRS_study_standard,line91.csv
212,PoolingIRSOnly,ImmediateDecisionsSimulation,line91_week/3.0/sample_12/IR_D+WT_FB_2/,line91_week/3.0/sample_12.csv,3.0,flex_bus:2,func_key:IRS_study_standard,line91.csv
213,PoolingIRSOnly,ImmediateDecisionsSimulation,line91_week/3.0/sample_13/IR_D+WT_FB_2/,line91_week/3.0/sample_13.csv,3.0,flex_bus:2,func_key:IRS_study_standard,line91.csv
214,PoolingIRSOnly,ImmediateDecisionsSimulation,line91_week/3.0/sample_14/IR_D+WT_FB_2/,line91_week/3.0/sample_14.csv,3.0,flex_bus:2,func_key:IRS_study_standard,line91.csv
215,PoolingIRSOnly,ImmediateDecisionsSimulation,line91_week/3.0/sample_15/IR_D+WT_FB_2/,line91_week/3.0/sample_15.csv,3.0,flex_bus:2,func_key:IRS_study_standard,line91.csv
216,PoolingIRSOnly,ImmediateDecisionsSimulation,line91_week/3.0/sample_16/IR_D+WT_FB_2/,line91_week/3.0/sample_16.csv,3.0,flex_bus:2,func_key:IRS_study_standard,line91.csv
217,PoolingIRSOnly,ImmediateDecisionsSimulation,line91_week/3.0/sample_17/IR_D+WT_FB_2/,line91_week/3.0/sample_17.csv,3.0,flex_bus:2,func_key:IRS_study_standard,line91.csv
218,PoolingIRSOnly,ImmediateDecisionsSimulation,line91_week/3.0/sample_18/IR_D+WT_FB_2/,line91_week/3.0/sample_18.csv,3.0,flex_bus:2,func_key:IRS_study_standard,line91.csv
219,PoolingIRSOnly,ImmediateDecisionsSimulation,line91_week/3.0/sample_19/IR_D+WT_FB_2/,line91_week/3.0/sample_19.csv,3.0,flex_bus:2,func_key:IRS_study_standard,line91.csv
220,PoolingIRSOnly,ImmediateDecisionsSimulation,line91_week/3.0/sample_20/IR_D+WT_FB_2/,line91_week/3.0/sample_20.csv,3.0,flex_bus:2,func_key:IRS_study_standard,line91.csv
221,PoolingIRSOnly,ImmediateDecisionsSimulation,line91_week/3.0/sample_21/IR_D+WT_FB_2/,line91_week/3.0/sample_21.csv,3.0,flex_bus:2,func_key:IRS_study_standard,line91.csv
222,PoolingIRSOnly,ImmediateDecisionsSimulation,line91_week/3.0/sample_22/IR_D+WT_FB_2/,line91_week/3.0/sample_22.csv,3.0,flex_bus:2,func_key:IRS_study_standard,line91.csv
223,PoolingIRSOnly,ImmediateDecisionsSimulation,line91_week/3.0/sample_23/IR_D+WT_FB_2/,line91_week/3.0/sample_23.csv,3.0,flex_bus:2,func_key:IRS_study_standard,line91.csv
224,PoolingIRSOnly,ImmediateDecisionsSimulation,line91_week/3.0/sample_24/IR_D+WT_FB_2/,line91_week/3.0/sample_24.csv,3.0,flex_bus:2,func_key:IRS_study_standard,line91.csv
225,PoolingIRSOnly,ImmediateDecisionsSimulation,line91_week/4.0/sample_0/IR_D+WT_FB_2/,line91_week/4.0/sample_0.csv,4.0,flex_bus:2,func_key:IRS_study_standard,line91.csv
226,PoolingIRSOnly,ImmediateDecisionsSimulation,line91_week/4.0/sample_1/IR_D+WT_FB_2/,line91_week/4.0/sample_1.csv,4.0,flex_bus:2,func_key:IRS_study_standard,line91.csv
227,PoolingIRSOnly,ImmediateDecisionsSimulation,line91_week/4.0/sample_2/IR_D+WT_FB_2/,line91_week/4.0/sample_2.csv,4.0,flex_bus:2,func_key:IRS_study_standard,line91.csv
228,PoolingIRSOnly,ImmediateDecisionsSimulation,line91_week/4.0/sample_3/IR_D+WT_FB_2/,line91_week/4.0/sample_3.csv,4.0,flex_bus:2,func_key:IRS_study_standard,line91.csv
229,PoolingIRSOnly,ImmediateDecisionsSimulation,line91_week/4.0/sample_4/IR_D+WT_FB_2/,line91_week/4.0/sample_4.csv,4.0,flex_bus:2,func_key:IRS_study_standard,line91.csv
230,PoolingIRSOnly,ImmediateDecisionsSimulation,line91_week/4.0/sample_5/IR_D+WT_FB_2/,line91_week/4.0/sample_5.csv,4.0,flex_bus:2,func_key:IRS_study_standard,line91.csv
231,PoolingIRSOnly,ImmediateDecisionsSimulation,line91_week/4.0/sample_6/IR_D+WT_FB_2/,line91_week/4.0/sample_6.csv,4.0,flex_bus:2,func_key:IRS_study_standard,line91.csv
232,PoolingIRSOnly,ImmediateDecisionsSimulation,line91_week/4.0/sample_7/IR_D+WT_FB_2/,line91_week/4.0/sample_7.csv,4.0,flex_bus:2,func_key:IRS_study_standard,line91.csv
233,PoolingIRSOnly,ImmediateDecisionsSimulation,line91_week/4.0/sample_8/IR_D+WT_FB_2/,line91_week/4.0/sample_8.csv,4.0,flex_bus:2,func_key:IRS_study_standard,line91.csv
234,PoolingIRSOnly,ImmediateDecisionsSimulation,line91_week/4.0/sample_9/IR_D+WT_FB_2/,line91_week/4.0/sample_9.csv,4.0,flex_bus:2,func_key:IRS_study_standard,line91.csv
235,PoolingIRSOnly,ImmediateDecisionsSimulation,line91_week/4.0/sample_10/IR_D+WT_FB_2/,line91_week/4.0/sample_10.csv,4.0,flex_bus:2,func_key:IRS_study_standard,line91.csv
236,PoolingIRSOnly,ImmediateDecisionsSimulation,line91_week/4.0/sample_11/IR_D+WT_FB_2/,line91_week/4.0/sample_11.csv,4.0,flex_bus:2,func_key:IRS_study_standard,line91.csv
237,PoolingIRSOnly,ImmediateDecisionsSimulation,line91_week/4.0/sample_12/IR_D+WT_FB_2/,line91_week/4.0/sample_12.csv,4.0,flex_bus:2,func_key:IRS_study_standard,line91.csv
238,PoolingIRSOnly,ImmediateDecisionsSimulation,line91_week/4.0/sample_13/IR_D+WT_FB_2/,line91_week/4.0/sample_13.csv,4.0,flex_bus:2,func_key:IRS_study_standard,line91.csv
239,PoolingIRSOnly,ImmediateDecisionsSimulation,line91_week/4.0/sample_14/IR_D+WT_FB_2/,line91_week/4.0/sample_14.csv,4.0,flex_bus:2,func_key:IRS_study_standard,line91.csv
240,PoolingIRSOnly,ImmediateDecisionsSimulation,line91_week/4.0/sample_15/IR_D+WT_FB_2/,line91_week/4.0/sample_15.csv,4.0,flex_bus:2,func_key:IRS_study_standard,line91.csv
241,PoolingIRSOnly,ImmediateDecisionsSimulation,line91_week/4.0/sample_16/IR_D+WT_FB_2/,line91_week/4.0/sample_16.csv,4.0,flex_bus:2,func_key:IRS_study_standard,line91.csv
242,PoolingIRSOnly,ImmediateDecisionsSimulation,line91_week/4.0/sample_17/IR_D+WT_FB_2/,line91_week/4.0/sample_17.csv,4.0,flex_bus:2,func_key:IRS_study_standard,line91.csv
243,PoolingIRSOnly,ImmediateDecisionsSimulation,line91_week/4.0/sample_18/IR_D+WT_FB_2/,line91_week/4.0/sample_18.csv,4.0,flex_bus:2,func_key:IRS_study_standard,line91.csv
244,PoolingIRSOnly,ImmediateDecisionsSimulation,line91_week/4.0/sample_19/IR_D+WT_FB_2/,line91_week/4.0/sample_19.csv,4.0,flex_bus:2,func_key:IRS_study_standard,line91.csv
245,PoolingIRSOnly,ImmediateDecisionsSimulation,line91_week/4.0/sample_20/IR_D+WT_FB_2/,line91_week/4.0/sample_20.csv,4.0,flex_bus:2,func_key:IRS_study_standard,line91.csv
246,PoolingIRSOnly,ImmediateDecisionsSimulation,line91_week/4.0/sample_21/IR_D+WT_FB_2/,line91_week/4.0/sample_21.csv,4.0,flex_bus:2,func_key:IRS_study_standard,line91.csv
247,PoolingIRSOnly,ImmediateDecisionsSimulation,line91_week/4.0/sample_22/IR_D+WT_FB_2/,line91_week/4.0/sample_22.csv,4.0,flex_bus:2,func_key:IRS_study_standard,line91.csv
248,PoolingIRSOnly,ImmediateDecisionsSimulation,line91_week/4.0/sample_23/IR_D+WT_FB_2/,line91_week/4.0/sample_23.csv,4.0,flex_bus:2,func_key:IRS_study_standard,line91.csv
249,PoolingIRSOnly,ImmediateDecisionsSimulation,line91_week/4.0/sample_24/IR_D+WT_FB_2/,line91_week/4.0/sample_24.csv,4.0,flex_bus:2,func_key:IRS_study_standard,line91.csv
250,PoolingIRSOnly,ImmediateDecisionsSimulation,line91_week/5.0/sample_0/IR_D+WT_FB_2/,line91_week/5.0/sample_0.csv,5.0,flex_bus:2,func_key:IRS_study_standard,line91.csv
251,PoolingIRSOnly,ImmediateDecisionsSimulation,line91_week/5.0/sample_1/IR_D+WT_FB_2/,line91_week/5.0/sample_1.csv,5.0,flex_bus:2,func_key:IRS_study_standard,line91.csv
252,PoolingIRSOnly,ImmediateDecisionsSimulation,line91_week/5.0/sample_2/IR_D+WT_FB_2/,line91_week/5.0/sample_2.csv,5.0,flex_bus:2,func_key:IRS_study_standard,line91.csv
253,PoolingIRSOnly,ImmediateDecisionsSimulation,line91_week/5.0/sample_3/IR_D+WT_FB_2/,line91_week/5.0/sample_3.csv,5.0,flex_bus:2,func_key:IRS_study_standard,line91.csv
254,PoolingIRSOnly,ImmediateDecisionsSimulation,line91_week/5.0/sample_4/IR_D+WT_FB_2/,line91_week/5.0/sample_4.csv,5.0,flex_bus:2,func_key:IRS_study_standard,line91.csv
255,PoolingIRSOnly,ImmediateDecisionsSimulation,line91_week/5.0/sample_5/IR_D+WT_FB_2/,line91_week/5.0/sample_5.csv,5.0,flex_bus:2,func_key:IRS_study_standard,line91.csv
256,PoolingIRSOnly,ImmediateDecisionsSimulation,line91_week/5.0/sample_6/IR_D+WT_FB_2/,line91_week/5.0/sample_6.csv,5.0,flex_bus:2,func_key:IRS_study_standard,line91.csv
257,PoolingIRSOnly,ImmediateDecisionsSimulation,line91_week/5.0/sample_7/IR_D+WT_FB_2/,line91_week/5.0/sample_7.csv,5.0,flex_bus:2,func_key:IRS_study_standard,line91.csv
258,PoolingIRSOnly,ImmediateDecisionsSimulation,line91_week/5.0/sample_8/IR_D+WT_FB_2/,line91_week/5.0/sample_8.csv,5.0,flex_bus:2,func_key:IRS_study_standard,line91.csv
259,PoolingIRSOnly,ImmediateDecisionsSimulation,line91_week/5.0/sample_9/IR_D+WT_FB_2/,line91_week/5.0/sample_9.csv,5.0,flex_bus:2,func_key:IRS_study_standard,line91.csv
260,PoolingIRSOnly,ImmediateDecisionsSimulation,line91_week/5.0/sample_10/IR_D+WT_FB_2/,line91_week/5.0/sample_10.csv,5.0,flex_bus:2,func_key:IRS_study_standard,line91.csv
261,PoolingIRSOnly,ImmediateDecisionsSimulation,line91_week/5.0/sample_11/IR_D+WT_FB_2/,line91_week/5.0/sample_11.csv,5.0,flex_bus:2,func_key:IRS_study_standard,line91.csv
262,PoolingIRSOnly,ImmediateDecisionsSimulation,line91_week/5.0/sample_12/IR_D+WT_FB_2/,line91_week/5.0/sample_12.csv,5.0,flex_bus:2,func_key:IRS_study_standard,line91.csv
263,PoolingIRSOnly,ImmediateDecisionsSimulation,line91_week/5.0/sample_13/IR_D+WT_FB_2/,line91_week/5.0/sample_13.csv,5.0,flex_bus:2,func_key:IRS_study_standard,line91.csv
264,PoolingIRSOnly,ImmediateDecisionsSimulation,line91_week/5.0/sample_14/IR_D+WT_FB_2/,line91_week/5.0/sample_14.csv,5.0,flex_bus:2,func_key:IRS_study_standard,line91.csv
265,PoolingIRSOnly,ImmediateDecisionsSimulation,line91_week/5.0/sample_15/IR_D+WT_FB_2/,line91_week/5.0/sample_15.csv,5.0,flex_bus:2,func_key:IRS_study_standard,line91.csv
266,PoolingIRSOnly,ImmediateDecisionsSimulation,line91_week/5.0/sample_16/IR_D+WT_FB_2/,line91_week/5.0/sample_16.csv,5.0,flex_bus:2,func_key:IRS_study_standard,line91.csv
267,PoolingIRSOnly,ImmediateDecisionsSimulation,line91_week/5.0/sample_17/IR_D+WT_FB_2/,line91_week/5.0/sample_17.csv,5.0,flex_bus:2,func_key:IRS_study_standard,line91.csv
268,PoolingIRSOnly,ImmediateDecisionsSimulation,line91_week/5.0/sample_18/IR_D+WT_FB_2/,line91_week/5.0/sample_18.csv,5.0,flex_bus:2,func_key:IRS_study_standard,line91.csv
269,PoolingIRSOnly,ImmediateDecisionsSimulation,line91_week/5.0/sample_19/IR_D+WT_FB_2/,line91_week/5.0/sample_19.csv,5.0,flex_bus:2,func_key:IRS_study_standard,line91.csv
270,PoolingIRSOnly,ImmediateDecisionsSimulation,line91_week/5.0/sample_20/IR_D+WT_FB_2/,line91_week/5.0/sample_20.csv,5.0,flex_bus:2,func_key:IRS_study_standard,line91.csv
271,PoolingIRSOnly,ImmediateDecisionsSimulation,line91_week/5.0/sample_21/IR_D+WT_FB_2/,line91_week/5.0/sample_21.csv,5.0,flex_bus:2,func_key:IRS_study_standard,line91.csv
272,PoolingIRSOnly,ImmediateDecisionsSimulation,line91_week/5.0/sample_22/IR_D+WT_FB_2/,line91_week/5.0/sample_22.csv,5.0,flex_bus:2,func_key:IRS_study_standard,line91.csv
273,PoolingIRSOnly,ImmediateDecisionsSimulation,line91_week/5.0/sample_23/IR_D+WT_FB_2/,line91_week/5.0/sample_23.csv,5.0,flex_bus:2,func_key:IRS_study_standard,line91.csv
274,PoolingIRSOnly,ImmediateDecisionsSimulation,line91_week/5.0/sample_24/IR_D+WT_FB_2/,line91_week/5.0/sample_24.csv,5.0,flex_bus:2,func_key:IRS_study_standard,line91.csv
