,scenario_name,op_fleet_composition,rq_file,demand_scalar,op_module,sim_env
0,IR_line91_week/0.25/sample_0,flex_bus:1,line91_week.csv,0.25,PoolingIRSOnly,ImmediateDecisionsSimulation
1,IR_line91_week/0.25/sample_1,flex_bus:1,line91_week.csv,0.25,PoolingIRSOnly,ImmediateDecisionsSimulation
2,IR_line91_week/0.25/sample_2,flex_bus:1,line91_week.csv,0.25,PoolingIRSOnly,ImmediateDecisionsSimulation
3,IR_line91_week/0.25/sample_3,flex_bus:1,line91_week.csv,0.25,PoolingIRSOnly,ImmediateDecisionsSimulation
4,IR_line91_week/0.25/sample_4,flex_bus:1,line91_week.csv,0.25,PoolingIRSOnly,ImmediateDecisionsSimulation
5,IR_line91_week/0.25/sample_5,flex_bus:1,line91_week.csv,0.25,PoolingIRSOnly,ImmediateDecisionsSimulation
6,IR_line91_week/0.25/sample_6,flex_bus:1,line91_week.csv,0.25,PoolingIRSOnly,ImmediateDecisionsSimulation
7,IR_line91_week/0.25/sample_7,flex_bus:1,line91_week.csv,0.25,PoolingIRSOnly,ImmediateDecisionsSimulation
8,IR_line91_week/0.25/sample_8,flex_bus:1,line91_week.csv,0.25,PoolingIRSOnly,ImmediateDecisionsSimulation
9,IR_line91_week/0.25/sample_9,flex_bus:1,line91_week.csv,0.25,PoolingIRSOnly,ImmediateDecisionsSimulation
10,IR_line91_week/0.25/sample_10,flex_bus:1,line91_week.csv,0.25,PoolingIRSOnly,ImmediateDecisionsSimulation
11,IR_line91_week/0.25/sample_11,flex_bus:1,line91_week.csv,0.25,PoolingIRSOnly,ImmediateDecisionsSimulation
12,IR_line91_week/0.25/sample_12,flex_bus:1,line91_week.csv,0.25,PoolingIRSOnly,ImmediateDecisionsSimulation
13,IR_line91_week/0.25/sample_13,flex_bus:1,line91_week.csv,0.25,PoolingIRSOnly,ImmediateDecisionsSimulation
14,IR_line91_week/0.25/sample_14,flex_bus:1,line91_week.csv,0.25,PoolingIRSOnly,ImmediateDecisionsSimulation
15,IR_line91_week/0.25/sample_15,flex_bus:1,line91_week.csv,0.25,PoolingIRSOnly,ImmediateDecisionsSimulation
16,IR_line91_week/0.25/sample_16,flex_bus:1,line91_week.csv,0.25,PoolingIRSOnly,ImmediateDecisionsSimulation
17,IR_line91_week/0.25/sample_17,flex_bus:1,line91_week.csv,0.25,PoolingIRSOnly,ImmediateDecisionsSimulation
18,IR_line91_week/0.25/sample_18,flex_bus:1,line91_week.csv,0.25,PoolingIRSOnly,ImmediateDecisionsSimulation
19,IR_line91_week/0.25/sample_19,flex_bus:1,line91_week.csv,0.25,PoolingIRSOnly,ImmediateDecisionsSimulation
20,IR_line91_week/0.25/sample_20,flex_bus:1,line91_week.csv,0.25,PoolingIRSOnly,ImmediateDecisionsSimulation
21,IR_line91_week/0.25/sample_21,flex_bus:1,line91_week.csv,0.25,PoolingIRSOnly,ImmediateDecisionsSimulation
22,IR_line91_week/0.25/sample_22,flex_bus:1,line91_week.csv,0.25,PoolingIRSOnly,ImmediateDecisionsSimulation
23,IR_line91_week/0.25/sample_23,flex_bus:1,line91_week.csv,0.25,PoolingIRSOnly,ImmediateDecisionsSimulation
24,IR_line91_week/0.25/sample_24,flex_bus:1,line91_week.csv,0.25,PoolingIRSOnly,ImmediateDecisionsSimulation
25,IR_line91_week/0.5/sample_0,flex_bus:1,line91_week.csv,0.5,PoolingIRSOnly,ImmediateDecisionsSimulation
26,IR_line91_week/0.5/sample_1,flex_bus:1,line91_week.csv,0.5,PoolingIRSOnly,ImmediateDecisionsSimulation
27,IR_line91_week/0.5/sample_2,flex_bus:1,line91_week.csv,0.5,PoolingIRSOnly,ImmediateDecisionsSimulation
28,IR_line91_week/0.5/sample_3,flex_bus:1,line91_week.csv,0.5,PoolingIRSOnly,ImmediateDecisionsSimulation
29,IR_line91_week/0.5/sample_4,flex_bus:1,line91_week.csv,0.5,PoolingIRSOnly,ImmediateDecisionsSimulation
30,IR_line91_week/0.5/sample_5,flex_bus:1,line91_week.csv,0.5,PoolingIRSOnly,ImmediateDecisionsSimulation
31,IR_line91_week/0.5/sample_6,flex_bus:1,line91_week.csv,0.5,PoolingIRSOnly,ImmediateDecisionsSimulation
32,IR_line91_week/0.5/sample_7,flex_bus:1,line91_week.csv,0.5,PoolingIRSOnly,ImmediateDecisionsSimulation
33,IR_line91_week/0.5/sample_8,flex_bus:1,line91_week.csv,0.5,PoolingIRSOnly,ImmediateDecisionsSimulation
34,IR_line91_week/0.5/sample_9,flex_bus:1,line91_week.csv,0.5,PoolingIRSOnly,ImmediateDecisionsSimulation
35,IR_line91_week/0.5/sample_10,flex_bus:1,line91_week.csv,0.5,PoolingIRSOnly,ImmediateDecisionsSimulation
36,IR_line91_week/0.5/sample_11,flex_bus:1,line91_week.csv,0.5,PoolingIRSOnly,ImmediateDecisionsSimulation
37,IR_line91_week/0.5/sample_12,flex_bus:1,line91_week.csv,0.5,PoolingIRSOnly,ImmediateDecisionsSimulation
38,IR_line91_week/0.5/sample_13,flex_bus:1,line91_week.csv,0.5,PoolingIRSOnly,ImmediateDecisionsSimulation
39,IR_line91_week/0.5/sample_14,flex_bus:1,line91_week.csv,0.5,PoolingIRSOnly,ImmediateDecisionsSimulation
40,IR_line91_week/0.5/sample_15,flex_bus:1,line91_week.csv,0.5,PoolingIRSOnly,ImmediateDecisionsSimulation
41,IR_line91_week/0.5/sample_16,flex_bus:1,line91_week.csv,0.5,PoolingIRSOnly,ImmediateDecisionsSimulation
42,IR_line91_week/0.5/sample_17,flex_bus:1,line91_week.csv,0.5,PoolingIRSOnly,ImmediateDecisionsSimulation
43,IR_line91_week/0.5/sample_18,flex_bus:1,line91_week.csv,0.5,PoolingIRSOnly,ImmediateDecisionsSimulation
44,IR_line91_week/0.5/sample_19,flex_bus:1,line91_week.csv,0.5,PoolingIRSOnly,ImmediateDecisionsSimulation
45,IR_line91_week/0.5/sample_20,flex_bus:1,line91_week.csv,0.5,PoolingIRSOnly,ImmediateDecisionsSimulation
46,IR_line91_week/0.5/sample_21,flex_bus:1,line91_week.csv,0.5,PoolingIRSOnly,ImmediateDecisionsSimulation
47,IR_line91_week/0.5/sample_22,flex_bus:1,line91_week.csv,0.5,PoolingIRSOnly,ImmediateDecisionsSimulation
48,IR_line91_week/0.5/sample_23,flex_bus:1,line91_week.csv,0.5,PoolingIRSOnly,ImmediateDecisionsSimulation
49,IR_line91_week/0.5/sample_24,flex_bus:1,line91_week.csv,0.5,PoolingIRSOnly,ImmediateDecisionsSimulation
50,IR_line91_week/0.75/sample_0,flex_bus:1,line91_week.csv,0.75,PoolingIRSOnly,ImmediateDecisionsSimulation
51,IR_line91_week/0.75/sample_1,flex_bus:1,line91_week.csv,0.75,PoolingIRSOnly,ImmediateDecisionsSimulation
52,IR_line91_week/0.75/sample_2,flex_bus:1,line91_week.csv,0.75,PoolingIRSOnly,ImmediateDecisionsSimulation
53,IR_line91_week/0.75/sample_3,flex_bus:1,line91_week.csv,0.75,PoolingIRSOnly,ImmediateDecisionsSimulation
54,IR_line91_week/0.75/sample_4,flex_bus:1,line91_week.csv,0.75,PoolingIRSOnly,ImmediateDecisionsSimulation
55,IR_line91_week/0.75/sample_5,flex_bus:1,line91_week.csv,0.75,PoolingIRSOnly,ImmediateDecisionsSimulation
56,IR_line91_week/0.75/sample_6,flex_bus:1,line91_week.csv,0.75,PoolingIRSOnly,ImmediateDecisionsSimulation
57,IR_line91_week/0.75/sample_7,flex_bus:1,line91_week.csv,0.75,PoolingIRSOnly,ImmediateDecisionsSimulation
58,IR_line91_week/0.75/sample_8,flex_bus:1,line91_week.csv,0.75,PoolingIRSOnly,ImmediateDecisionsSimulation
59,IR_line91_week/0.75/sample_9,flex_bus:1,line91_week.csv,0.75,PoolingIRSOnly,ImmediateDecisionsSimulation
60,IR_line91_week/0.75/sample_10,flex_bus:1,line91_week.csv,0.75,PoolingIRSOnly,ImmediateDecisionsSimulation
61,IR_line91_week/0.75/sample_11,flex_bus:1,line91_week.csv,0.75,PoolingIRSOnly,ImmediateDecisionsSimulation
62,IR_line91_week/0.75/sample_12,flex_bus:1,line91_week.csv,0.75,PoolingIRSOnly,ImmediateDecisionsSimulation
63,IR_line91_week/0.75/sample_13,flex_bus:1,line91_week.csv,0.75,PoolingIRSOnly,ImmediateDecisionsSimulation
64,IR_line91_week/0.75/sample_14,flex_bus:1,line91_week.csv,0.75,PoolingIRSOnly,ImmediateDecisionsSimulation
65,IR_line91_week/0.75/sample_15,flex_bus:1,line91_week.csv,0.75,PoolingIRSOnly,ImmediateDecisionsSimulation
66,IR_line91_week/0.75/sample_16,flex_bus:1,line91_week.csv,0.75,PoolingIRSOnly,ImmediateDecisionsSimulation
67,IR_line91_week/0.75/sample_17,flex_bus:1,line91_week.csv,0.75,PoolingIRSOnly,ImmediateDecisionsSimulation
68,IR_line91_week/0.75/sample_18,flex_bus:1,line91_week.csv,0.75,PoolingIRSOnly,ImmediateDecisionsSimulation
69,IR_line91_week/0.75/sample_19,flex_bus:1,line91_week.csv,0.75,PoolingIRSOnly,ImmediateDecisionsSimulation
70,IR_line91_week/0.75/sample_20,flex_bus:1,line91_week.csv,0.75,PoolingIRSOnly,ImmediateDecisionsSimulation
71,IR_line91_week/0.75/sample_21,flex_bus:1,line91_week.csv,0.75,PoolingIRSOnly,ImmediateDecisionsSimulation
72,IR_line91_week/0.75/sample_22,flex_bus:1,line91_week.csv,0.75,PoolingIRSOnly,ImmediateDecisionsSimulation
73,IR_line91_week/0.75/sample_23,flex_bus:1,line91_week.csv,0.75,PoolingIRSOnly,ImmediateDecisionsSimulation
74,IR_line91_week/0.75/sample_24,flex_bus:1,line91_week.csv,0.75,PoolingIRSOnly,ImmediateDecisionsSimulation
75,IR_line91_week/1.0/sample_0,flex_bus:1,line91_week.csv,1.0,PoolingIRSOnly,ImmediateDecisionsSimulation
76,IR_line91_week/1.0/sample_1,flex_bus:1,line91_week.csv,1.0,PoolingIRSOnly,ImmediateDecisionsSimulation
77,IR_line91_week/1.0/sample_2,flex_bus:1,line91_week.csv,1.0,PoolingIRSOnly,ImmediateDecisionsSimulation
78,IR_line91_week/1.0/sample_3,flex_bus:1,line91_week.csv,1.0,PoolingIRSOnly,ImmediateDecisionsSimulation
79,IR_line91_week/1.0/sample_4,flex_bus:1,line91_week.csv,1.0,PoolingIRSOnly,ImmediateDecisionsSimulation
80,IR_line91_week/1.0/sample_5,flex_bus:1,line91_week.csv,1.0,PoolingIRSOnly,ImmediateDecisionsSimulation
81,IR_line91_week/1.0/sample_6,flex_bus:1,line91_week.csv,1.0,PoolingIRSOnly,ImmediateDecisionsSimulation
82,IR_line91_week/1.0/sample_7,flex_bus:1,line91_week.csv,1.0,PoolingIRSOnly,ImmediateDecisionsSimulation
83,IR_line91_week/1.0/sample_8,flex_bus:1,line91_week.csv,1.0,PoolingIRSOnly,ImmediateDecisionsSimulation
84,IR_line91_week/1.0/sample_9,flex_bus:1,line91_week.csv,1.0,PoolingIRSOnly,ImmediateDecisionsSimulation
85,IR_line91_week/1.0/sample_10,flex_bus:1,line91_week.csv,1.0,PoolingIRSOnly,ImmediateDecisionsSimulation
86,IR_line91_week/1.0/sample_11,flex_bus:1,line91_week.csv,1.0,PoolingIRSOnly,ImmediateDecisionsSimulation
87,IR_line91_week/1.0/sample_12,flex_bus:1,line91_week.csv,1.0,PoolingIRSOnly,ImmediateDecisionsSimulation
88,IR_line91_week/1.0/sample_13,flex_bus:1,line91_week.csv,1.0,PoolingIRSOnly,ImmediateDecisionsSimulation
89,IR_line91_week/1.0/sample_14,flex_bus:1,line91_week.csv,1.0,PoolingIRSOnly,ImmediateDecisionsSimulation
90,IR_line91_week/1.0/sample_15,flex_bus:1,line91_week.csv,1.0,PoolingIRSOnly,ImmediateDecisionsSimulation
91,IR_line91_week/1.0/sample_16,flex_bus:1,line91_week.csv,1.0,PoolingIRSOnly,ImmediateDecisionsSimulation
92,IR_line91_week/1.0/sample_17,flex_bus:1,line91_week.csv,1.0,PoolingIRSOnly,ImmediateDecisionsSimulation
93,IR_line91_week/1.0/sample_18,flex_bus:1,line91_week.csv,1.0,PoolingIRSOnly,ImmediateDecisionsSimulation
94,IR_line91_week/1.0/sample_19,flex_bus:1,line91_week.csv,1.0,PoolingIRSOnly,ImmediateDecisionsSimulation
95,IR_line91_week/1.0/sample_20,flex_bus:1,line91_week.csv,1.0,PoolingIRSOnly,ImmediateDecisionsSimulation
96,IR_line91_week/1.0/sample_21,flex_bus:1,line91_week.csv,1.0,PoolingIRSOnly,ImmediateDecisionsSimulation
97,IR_line91_week/1.0/sample_22,flex_bus:1,line91_week.csv,1.0,PoolingIRSOnly,ImmediateDecisionsSimulation
98,IR_line91_week/1.0/sample_23,flex_bus:1,line91_week.csv,1.0,PoolingIRSOnly,ImmediateDecisionsSimulation
99,IR_line91_week/1.0/sample_24,flex_bus:1,line91_week.csv,1.0,PoolingIRSOnly,ImmediateDecisionsSimulation
100,IR_line91_week/1.25/sample_0,flex_bus:1,line91_week.csv,1.25,PoolingIRSOnly,ImmediateDecisionsSimulation
101,IR_line91_week/1.25/sample_1,flex_bus:1,line91_week.csv,1.25,PoolingIRSOnly,ImmediateDecisionsSimulation
102,IR_line91_week/1.25/sample_2,flex_bus:1,line91_week.csv,1.25,PoolingIRSOnly,ImmediateDecisionsSimulation
103,IR_line91_week/1.25/sample_3,flex_bus:1,line91_week.csv,1.25,PoolingIRSOnly,ImmediateDecisionsSimulation
104,IR_line91_week/1.25/sample_4,flex_bus:1,line91_week.csv,1.25,PoolingIRSOnly,ImmediateDecisionsSimulation
105,IR_line91_week/1.25/sample_5,flex_bus:1,line91_week.csv,1.25,PoolingIRSOnly,ImmediateDecisionsSimulation
106,IR_line91_week/1.25/sample_6,flex_bus:1,line91_week.csv,1.25,PoolingIRSOnly,ImmediateDecisionsSimulation
107,IR_line91_week/1.25/sample_7,flex_bus:1,line91_week.csv,1.25,PoolingIRSOnly,ImmediateDecisionsSimulation
108,IR_line91_week/1.25/sample_8,flex_bus:1,line91_week.csv,1.25,PoolingIRSOnly,ImmediateDecisionsSimulation
109,IR_line91_week/1.25/sample_9,flex_bus:1,line91_week.csv,1.25,PoolingIRSOnly,ImmediateDecisionsSimulation
110,IR_line91_week/1.25/sample_10,flex_bus:1,line91_week.csv,1.25,PoolingIRSOnly,ImmediateDecisionsSimulation
111,IR_line91_week/1.25/sample_11,flex_bus:1,line91_week.csv,1.25,PoolingIRSOnly,ImmediateDecisionsSimulation
112,IR_line91_week/1.25/sample_12,flex_bus:1,line91_week.csv,1.25,PoolingIRSOnly,ImmediateDecisionsSimulation
113,IR_line91_week/1.25/sample_13,flex_bus:1,line91_week.csv,1.25,PoolingIRSOnly,ImmediateDecisionsSimulation
114,IR_line91_week/1.25/sample_14,flex_bus:1,line91_week.csv,1.25,PoolingIRSOnly,ImmediateDecisionsSimulation
115,IR_line91_week/1.25/sample_15,flex_bus:1,line91_week.csv,1.25,PoolingIRSOnly,ImmediateDecisionsSimulation
116,IR_line91_week/1.25/sample_16,flex_bus:1,line91_week.csv,1.25,PoolingIRSOnly,ImmediateDecisionsSimulation
117,IR_line91_week/1.25/sample_17,flex_bus:1,line91_week.csv,1.25,PoolingIRSOnly,ImmediateDecisionsSimulation
118,IR_line91_week/1.25/sample_18,flex_bus:1,line91_week.csv,1.25,PoolingIRSOnly,ImmediateDecisionsSimulation
119,IR_line91_week/1.25/sample_19,flex_bus:1,line91_week.csv,1.25,PoolingIRSOnly,ImmediateDecisionsSimulation
120,IR_line91_week/1.25/sample_20,flex_bus:1,line91_week.csv,1.25,PoolingIRSOnly,ImmediateDecisionsSimulation
121,IR_line91_week/1.25/sample_21,flex_bus:1,line91_week.csv,1.25,PoolingIRSOnly,ImmediateDecisionsSimulation
122,IR_line91_week/1.25/sample_22,flex_bus:1,line91_week.csv,1.25,PoolingIRSOnly,ImmediateDecisionsSimulation
123,IR_line91_week/1.25/sample_23,flex_bus:1,line91_week.csv,1.25,PoolingIRSOnly,ImmediateDecisionsSimulation
124,IR_line91_week/1.25/sample_24,flex_bus:1,line91_week.csv,1.25,PoolingIRSOnly,ImmediateDecisionsSimulation
125,IR_line91_week/1.5/sample_0,flex_bus:1,line91_week.csv,1.5,PoolingIRSOnly,ImmediateDecisionsSimulation
126,IR_line91_week/1.5/sample_1,flex_bus:1,line91_week.csv,1.5,PoolingIRSOnly,ImmediateDecisionsSimulation
127,IR_line91_week/1.5/sample_2,flex_bus:1,line91_week.csv,1.5,PoolingIRSOnly,ImmediateDecisionsSimulation
128,IR_line91_week/1.5/sample_3,flex_bus:1,line91_week.csv,1.5,PoolingIRSOnly,ImmediateDecisionsSimulation
129,IR_line91_week/1.5/sample_4,flex_bus:1,line91_week.csv,1.5,PoolingIRSOnly,ImmediateDecisionsSimulation
130,IR_line91_week/1.5/sample_5,flex_bus:1,line91_week.csv,1.5,PoolingIRSOnly,ImmediateDecisionsSimulation
131,IR_line91_week/1.5/sample_6,flex_bus:1,line91_week.csv,1.5,PoolingIRSOnly,ImmediateDecisionsSimulation
132,IR_line91_week/1.5/sample_7,flex_bus:1,line91_week.csv,1.5,PoolingIRSOnly,ImmediateDecisionsSimulation
133,IR_line91_week/1.5/sample_8,flex_bus:1,line91_week.csv,1.5,PoolingIRSOnly,ImmediateDecisionsSimulation
134,IR_line91_week/1.5/sample_9,flex_bus:1,line91_week.csv,1.5,PoolingIRSOnly,ImmediateDecisionsSimulation
135,IR_line91_week/1.5/sample_10,flex_bus:1,line91_week.csv,1.5,PoolingIRSOnly,ImmediateDecisionsSimulation
136,IR_line91_week/1.5/sample_11,flex_bus:1,line91_week.csv,1.5,PoolingIRSOnly,ImmediateDecisionsSimulation
137,IR_line91_week/1.5/sample_12,flex_bus:1,line91_week.csv,1.5,PoolingIRSOnly,ImmediateDecisionsSimulation
138,IR_line91_week/1.5/sample_13,flex_bus:1,line91_week.csv,1.5,PoolingIRSOnly,ImmediateDecisionsSimulation
139,IR_line91_week/1.5/sample_14,flex_bus:1,line91_week.csv,1.5,PoolingIRSOnly,ImmediateDecisionsSimulation
140,IR_line91_week/1.5/sample_15,flex_bus:1,line91_week.csv,1.5,PoolingIRSOnly,ImmediateDecisionsSimulation
141,IR_line91_week/1.5/sample_16,flex_bus:1,line91_week.csv,1.5,PoolingIRSOnly,ImmediateDecisionsSimulation
142,IR_line91_week/1.5/sample_17,flex_bus:1,line91_week.csv,1.5,PoolingIRSOnly,ImmediateDecisionsSimulation
143,IR_line91_week/1.5/sample_18,flex_bus:1,line91_week.csv,1.5,PoolingIRSOnly,ImmediateDecisionsSimulation
144,IR_line91_week/1.5/sample_19,flex_bus:1,line91_week.csv,1.5,PoolingIRSOnly,ImmediateDecisionsSimulation
145,IR_line91_week/1.5/sample_20,flex_bus:1,line91_week.csv,1.5,PoolingIRSOnly,ImmediateDecisionsSimulation
146,IR_line91_week/1.5/sample_21,flex_bus:1,line91_week.csv,1.5,PoolingIRSOnly,ImmediateDecisionsSimulation
147,IR_line91_week/1.5/sample_22,flex_bus:1,line91_week.csv,1.5,PoolingIRSOnly,ImmediateDecisionsSimulation
148,IR_line91_week/1.5/sample_23,flex_bus:1,line91_week.csv,1.5,PoolingIRSOnly,ImmediateDecisionsSimulation
149,IR_line91_week/1.5/sample_24,flex_bus:1,line91_week.csv,1.5,PoolingIRSOnly,ImmediateDecisionsSimulation
150,IR_line91_week/1.75/sample_0,flex_bus:1,line91_week.csv,1.75,PoolingIRSOnly,ImmediateDecisionsSimulation
151,IR_line91_week/1.75/sample_1,flex_bus:1,line91_week.csv,1.75,PoolingIRSOnly,ImmediateDecisionsSimulation
152,IR_line91_week/1.75/sample_2,flex_bus:1,line91_week.csv,1.75,PoolingIRSOnly,ImmediateDecisionsSimulation
153,IR_line91_week/1.75/sample_3,flex_bus:1,line91_week.csv,1.75,PoolingIRSOnly,ImmediateDecisionsSimulation
154,IR_line91_week/1.75/sample_4,flex_bus:1,line91_week.csv,1.75,PoolingIRSOnly,ImmediateDecisionsSimulation
155,IR_line91_week/1.75/sample_5,flex_bus:1,line91_week.csv,1.75,PoolingIRSOnly,ImmediateDecisionsSimulation
156,IR_line91_week/1.75/sample_6,flex_bus:1,line91_week.csv,1.75,PoolingIRSOnly,ImmediateDecisionsSimulation
157,IR_line91_week/1.75/sample_7,flex_bus:1,line91_week.csv,1.75,PoolingIRSOnly,ImmediateDecisionsSimulation
158,IR_line91_week/1.75/sample_8,flex_bus:1,line91_week.csv,1.75,PoolingIRSOnly,ImmediateDecisionsSimulation
159,IR_line91_week/1.75/sample_9,flex_bus:1,line91_week.csv,1.75,PoolingIRSOnly,ImmediateDecisionsSimulation
160,IR_line91_week/1.75/sample_10,flex_bus:1,line91_week.csv,1.75,PoolingIRSOnly,ImmediateDecisionsSimulation
161,IR_line91_week/1.75/sample_11,flex_bus:1,line91_week.csv,1.75,PoolingIRSOnly,ImmediateDecisionsSimulation
162,IR_line91_week/1.75/sample_12,flex_bus:1,line91_week.csv,1.75,PoolingIRSOnly,ImmediateDecisionsSimulation
163,IR_line91_week/1.75/sample_13,flex_bus:1,line91_week.csv,1.75,PoolingIRSOnly,ImmediateDecisionsSimulation
164,IR_line91_week/1.75/sample_14,flex_bus:1,line91_week.csv,1.75,PoolingIRSOnly,ImmediateDecisionsSimulation
165,IR_line91_week/1.75/sample_15,flex_bus:1,line91_week.csv,1.75,PoolingIRSOnly,ImmediateDecisionsSimulation
166,IR_line91_week/1.75/sample_16,flex_bus:1,line91_week.csv,1.75,PoolingIRSOnly,ImmediateDecisionsSimulation
167,IR_line91_week/1.75/sample_17,flex_bus:1,line91_week.csv,1.75,PoolingIRSOnly,ImmediateDecisionsSimulation
168,IR_line91_week/1.75/sample_18,flex_bus:1,line91_week.csv,1.75,PoolingIRSOnly,ImmediateDecisionsSimulation
169,IR_line91_week/1.75/sample_19,flex_bus:1,line91_week.csv,1.75,PoolingIRSOnly,ImmediateDecisionsSimulation
170,IR_line91_week/1.75/sample_20,flex_bus:1,line91_week.csv,1.75,PoolingIRSOnly,ImmediateDecisionsSimulation
171,IR_line91_week/1.75/sample_21,flex_bus:1,line91_week.csv,1.75,PoolingIRSOnly,ImmediateDecisionsSimulation
172,IR_line91_week/1.75/sample_22,flex_bus:1,line91_week.csv,1.75,PoolingIRSOnly,ImmediateDecisionsSimulation
173,IR_line91_week/1.75/sample_23,flex_bus:1,line91_week.csv,1.75,PoolingIRSOnly,ImmediateDecisionsSimulation
174,IR_line91_week/1.75/sample_24,flex_bus:1,line91_week.csv,1.75,PoolingIRSOnly,ImmediateDecisionsSimulation
175,IR_line91_week/2.0/sample_0,flex_bus:1,line91_week.csv,2.0,PoolingIRSOnly,ImmediateDecisionsSimulation
176,IR_line91_week/2.0/sample_1,flex_bus:1,line91_week.csv,2.0,PoolingIRSOnly,ImmediateDecisionsSimulation
177,IR_line91_week/2.0/sample_2,flex_bus:1,line91_week.csv,2.0,PoolingIRSOnly,ImmediateDecisionsSimulation
178,IR_line91_week/2.0/sample_3,flex_bus:1,line91_week.csv,2.0,PoolingIRSOnly,ImmediateDecisionsSimulation
179,IR_line91_week/2.0/sample_4,flex_bus:1,line91_week.csv,2.0,PoolingIRSOnly,ImmediateDecisionsSimulation
180,IR_line91_week/2.0/sample_5,flex_bus:1,line91_week.csv,2.0,PoolingIRSOnly,ImmediateDecisionsSimulation
181,IR_line91_week/2.0/sample_6,flex_bus:1,line91_week.csv,2.0,PoolingIRSOnly,ImmediateDecisionsSimulation
182,IR_line91_week/2.0/sample_7,flex_bus:1,line91_week.csv,2.0,PoolingIRSOnly,ImmediateDecisionsSimulation
183,IR_line91_week/2.0/sample_8,flex_bus:1,line91_week.csv,2.0,PoolingIRSOnly,ImmediateDecisionsSimulation
184,IR_line91_week/2.0/sample_9,flex_bus:1,line91_week.csv,2.0,PoolingIRSOnly,ImmediateDecisionsSimulation
185,IR_line91_week/2.0/sample_10,flex_bus:1,line91_week.csv,2.0,PoolingIRSOnly,ImmediateDecisionsSimulation
186,IR_line91_week/2.0/sample_11,flex_bus:1,line91_week.csv,2.0,PoolingIRSOnly,ImmediateDecisionsSimulation
187,IR_line91_week/2.0/sample_12,flex_bus:1,line91_week.csv,2.0,PoolingIRSOnly,ImmediateDecisionsSimulation
188,IR_line91_week/2.0/sample_13,flex_bus:1,line91_week.csv,2.0,PoolingIRSOnly,ImmediateDecisionsSimulation
189,IR_line91_week/2.0/sample_14,flex_bus:1,line91_week.csv,2.0,PoolingIRSOnly,ImmediateDecisionsSimulation
190,IR_line91_week/2.0/sample_15,flex_bus:1,line91_week.csv,2.0,PoolingIRSOnly,ImmediateDecisionsSimulation
191,IR_line91_week/2.0/sample_16,flex_bus:1,line91_week.csv,2.0,PoolingIRSOnly,ImmediateDecisionsSimulation
192,IR_line91_week/2.0/sample_17,flex_bus:1,line91_week.csv,2.0,PoolingIRSOnly,ImmediateDecisionsSimulation
193,IR_line91_week/2.0/sample_18,flex_bus:1,line91_week.csv,2.0,PoolingIRSOnly,ImmediateDecisionsSimulation
194,IR_line91_week/2.0/sample_19,flex_bus:1,line91_week.csv,2.0,PoolingIRSOnly,ImmediateDecisionsSimulation
195,IR_line91_week/2.0/sample_20,flex_bus:1,line91_week.csv,2.0,PoolingIRSOnly,ImmediateDecisionsSimulation
196,IR_line91_week/2.0/sample_21,flex_bus:1,line91_week.csv,2.0,PoolingIRSOnly,ImmediateDecisionsSimulation
197,IR_line91_week/2.0/sample_22,flex_bus:1,line91_week.csv,2.0,PoolingIRSOnly,ImmediateDecisionsSimulation
198,IR_line91_week/2.0/sample_23,flex_bus:1,line91_week.csv,2.0,PoolingIRSOnly,ImmediateDecisionsSimulation
199,IR_line91_week/2.0/sample_24,flex_bus:1,line91_week.csv,2.0,PoolingIRSOnly,ImmediateDecisionsSimulation
200,IR_line91_week/3.0/sample_0,flex_bus:1,line91_week.csv,3.0,PoolingIRSOnly,ImmediateDecisionsSimulation
201,IR_line91_week/3.0/sample_1,flex_bus:1,line91_week.csv,3.0,PoolingIRSOnly,ImmediateDecisionsSimulation
202,IR_line91_week/3.0/sample_2,flex_bus:1,line91_week.csv,3.0,PoolingIRSOnly,ImmediateDecisionsSimulation
203,IR_line91_week/3.0/sample_3,flex_bus:1,line91_week.csv,3.0,PoolingIRSOnly,ImmediateDecisionsSimulation
204,IR_line91_week/3.0/sample_4,flex_bus:1,line91_week.csv,3.0,PoolingIRSOnly,ImmediateDecisionsSimulation
205,IR_line91_week/3.0/sample_5,flex_bus:1,line91_week.csv,3.0,PoolingIRSOnly,ImmediateDecisionsSimulation
206,IR_line91_week/3.0/sample_6,flex_bus:1,line91_week.csv,3.0,PoolingIRSOnly,ImmediateDecisionsSimulation
207,IR_line91_week/3.0/sample_7,flex_bus:1,line91_week.csv,3.0,PoolingIRSOnly,ImmediateDecisionsSimulation
208,IR_line91_week/3.0/sample_8,flex_bus:1,line91_week.csv,3.0,PoolingIRSOnly,ImmediateDecisionsSimulation
209,IR_line91_week/3.0/sample_9,flex_bus:1,line91_week.csv,3.0,PoolingIRSOnly,ImmediateDecisionsSimulation
210,IR_line91_week/3.0/sample_10,flex_bus:1,line91_week.csv,3.0,PoolingIRSOnly,ImmediateDecisionsSimulation
211,IR_line91_week/3.0/sample_11,flex_bus:1,line91_week.csv,3.0,PoolingIRSOnly,ImmediateDecisionsSimulation
212,IR_line91_week/3.0/sample_12,flex_bus:1,line91_week.csv,3.0,PoolingIRSOnly,ImmediateDecisionsSimulation
213,IR_line91_week/3.0/sample_13,flex_bus:1,line91_week.csv,3.0,PoolingIRSOnly,ImmediateDecisionsSimulation
214,IR_line91_week/3.0/sample_14,flex_bus:1,line91_week.csv,3.0,PoolingIRSOnly,ImmediateDecisionsSimulation
215,IR_line91_week/3.0/sample_15,flex_bus:1,line91_week.csv,3.0,PoolingIRSOnly,ImmediateDecisionsSimulation
216,IR_line91_week/3.0/sample_16,flex_bus:1,line91_week.csv,3.0,PoolingIRSOnly,ImmediateDecisionsSimulation
217,IR_line91_week/3.0/sample_17,flex_bus:1,line91_week.csv,3.0,PoolingIRSOnly,ImmediateDecisionsSimulation
218,IR_line91_week/3.0/sample_18,flex_bus:1,line91_week.csv,3.0,PoolingIRSOnly,ImmediateDecisionsSimulation
219,IR_line91_week/3.0/sample_19,flex_bus:1,line91_week.csv,3.0,PoolingIRSOnly,ImmediateDecisionsSimulation
220,IR_line91_week/3.0/sample_20,flex_bus:1,line91_week.csv,3.0,PoolingIRSOnly,ImmediateDecisionsSimulation
221,IR_line91_week/3.0/sample_21,flex_bus:1,line91_week.csv,3.0,PoolingIRSOnly,ImmediateDecisionsSimulation
222,IR_line91_week/3.0/sample_22,flex_bus:1,line91_week.csv,3.0,PoolingIRSOnly,ImmediateDecisionsSimulation
223,IR_line91_week/3.0/sample_23,flex_bus:1,line91_week.csv,3.0,PoolingIRSOnly,ImmediateDecisionsSimulation
224,IR_line91_week/3.0/sample_24,flex_bus:1,line91_week.csv,3.0,PoolingIRSOnly,ImmediateDecisionsSimulation
225,IR_line91_week/4.0/sample_0,flex_bus:1,line91_week.csv,4.0,PoolingIRSOnly,ImmediateDecisionsSimulation
226,IR_line91_week/4.0/sample_1,flex_bus:1,line91_week.csv,4.0,PoolingIRSOnly,ImmediateDecisionsSimulation
227,IR_line91_week/4.0/sample_2,flex_bus:1,line91_week.csv,4.0,PoolingIRSOnly,ImmediateDecisionsSimulation
228,IR_line91_week/4.0/sample_3,flex_bus:1,line91_week.csv,4.0,PoolingIRSOnly,ImmediateDecisionsSimulation
229,IR_line91_week/4.0/sample_4,flex_bus:1,line91_week.csv,4.0,PoolingIRSOnly,ImmediateDecisionsSimulation
230,IR_line91_week/4.0/sample_5,flex_bus:1,line91_week.csv,4.0,PoolingIRSOnly,ImmediateDecisionsSimulation
231,IR_line91_week/4.0/sample_6,flex_bus:1,line91_week.csv,4.0,PoolingIRSOnly,ImmediateDecisionsSimulation
232,IR_line91_week/4.0/sample_7,flex_bus:1,line91_week.csv,4.0,PoolingIRSOnly,ImmediateDecisionsSimulation
233,IR_line91_week/4.0/sample_8,flex_bus:1,line91_week.csv,4.0,PoolingIRSOnly,ImmediateDecisionsSimulation
234,IR_line91_week/4.0/sample_9,flex_bus:1,line91_week.csv,4.0,PoolingIRSOnly,ImmediateDecisionsSimulation
235,IR_line91_week/4.0/sample_10,flex_bus:1,line91_week.csv,4.0,PoolingIRSOnly,ImmediateDecisionsSimulation
236,IR_line91_week/4.0/sample_11,flex_bus:1,line91_week.csv,4.0,PoolingIRSOnly,ImmediateDecisionsSimulation
237,IR_line91_week/4.0/sample_12,flex_bus:1,line91_week.csv,4.0,PoolingIRSOnly,ImmediateDecisionsSimulation
238,IR_line91_week/4.0/sample_13,flex_bus:1,line91_week.csv,4.0,PoolingIRSOnly,ImmediateDecisionsSimulation
239,IR_line91_week/4.0/sample_14,flex_bus:1,line91_week.csv,4.0,PoolingIRSOnly,ImmediateDecisionsSimulation
240,IR_line91_week/4.0/sample_15,flex_bus:1,line91_week.csv,4.0,PoolingIRSOnly,ImmediateDecisionsSimulation
241,IR_line91_week/4.0/sample_16,flex_bus:1,line91_week.csv,4.0,PoolingIRSOnly,ImmediateDecisionsSimulation
242,IR_line91_week/4.0/sample_17,flex_bus:1,line91_week.csv,4.0,PoolingIRSOnly,ImmediateDecisionsSimulation
243,IR_line91_week/4.0/sample_18,flex_bus:1,line91_week.csv,4.0,PoolingIRSOnly,ImmediateDecisionsSimulation
244,IR_line91_week/4.0/sample_19,flex_bus:1,line91_week.csv,4.0,PoolingIRSOnly,ImmediateDecisionsSimulation
245,IR_line91_week/4.0/sample_20,flex_bus:1,line91_week.csv,4.0,PoolingIRSOnly,ImmediateDecisionsSimulation
246,IR_line91_week/4.0/sample_21,flex_bus:1,line91_week.csv,4.0,PoolingIRSOnly,ImmediateDecisionsSimulation
247,IR_line91_week/4.0/sample_22,flex_bus:1,line91_week.csv,4.0,PoolingIRSOnly,ImmediateDecisionsSimulation
248,IR_line91_week/4.0/sample_23,flex_bus:1,line91_week.csv,4.0,PoolingIRSOnly,ImmediateDecisionsSimulation
249,IR_line91_week/4.0/sample_24,flex_bus:1,line91_week.csv,4.0,PoolingIRSOnly,ImmediateDecisionsSimulation
250,IR_line91_week/5.0/sample_0,flex_bus:1,line91_week.csv,5.0,PoolingIRSOnly,ImmediateDecisionsSimulation
251,IR_line91_week/5.0/sample_1,flex_bus:1,line91_week.csv,5.0,PoolingIRSOnly,ImmediateDecisionsSimulation
252,IR_line91_week/5.0/sample_2,flex_bus:1,line91_week.csv,5.0,PoolingIRSOnly,ImmediateDecisionsSimulation
253,IR_line91_week/5.0/sample_3,flex_bus:1,line91_week.csv,5.0,PoolingIRSOnly,ImmediateDecisionsSimulation
254,IR_line91_week/5.0/sample_4,flex_bus:1,line91_week.csv,5.0,PoolingIRSOnly,ImmediateDecisionsSimulation
255,IR_line91_week/5.0/sample_5,flex_bus:1,line91_week.csv,5.0,PoolingIRSOnly,ImmediateDecisionsSimulation
256,IR_line91_week/5.0/sample_6,flex_bus:1,line91_week.csv,5.0,PoolingIRSOnly,ImmediateDecisionsSimulation
257,IR_line91_week/5.0/sample_7,flex_bus:1,line91_week.csv,5.0,PoolingIRSOnly,ImmediateDecisionsSimulation
258,IR_line91_week/5.0/sample_8,flex_bus:1,line91_week.csv,5.0,PoolingIRSOnly,ImmediateDecisionsSimulation
259,IR_line91_week/5.0/sample_9,flex_bus:1,line91_week.csv,5.0,PoolingIRSOnly,ImmediateDecisionsSimulation
260,IR_line91_week/5.0/sample_10,flex_bus:1,line91_week.csv,5.0,PoolingIRSOnly,ImmediateDecisionsSimulation
261,IR_line91_week/5.0/sample_11,flex_bus:1,line91_week.csv,5.0,PoolingIRSOnly,ImmediateDecisionsSimulation
262,IR_line91_week/5.0/sample_12,flex_bus:1,line91_week.csv,5.0,PoolingIRSOnly,ImmediateDecisionsSimulation
263,IR_line91_week/5.0/sample_13,flex_bus:1,line91_week.csv,5.0,PoolingIRSOnly,ImmediateDecisionsSimulation
264,IR_line91_week/5.0/sample_14,flex_bus:1,line91_week.csv,5.0,PoolingIRSOnly,ImmediateDecisionsSimulation
265,IR_line91_week/5.0/sample_15,flex_bus:1,line91_week.csv,5.0,PoolingIRSOnly,ImmediateDecisionsSimulation
266,IR_line91_week/5.0/sample_16,flex_bus:1,line91_week.csv,5.0,PoolingIRSOnly,ImmediateDecisionsSimulation
267,IR_line91_week/5.0/sample_17,flex_bus:1,line91_week.csv,5.0,PoolingIRSOnly,ImmediateDecisionsSimulation
268,IR_line91_week/5.0/sample_18,flex_bus:1,line91_week.csv,5.0,PoolingIRSOnly,ImmediateDecisionsSimulation
269,IR_line91_week/5.0/sample_19,flex_bus:1,line91_week.csv,5.0,PoolingIRSOnly,ImmediateDecisionsSimulation
270,IR_line91_week/5.0/sample_20,flex_bus:1,line91_week.csv,5.0,PoolingIRSOnly,ImmediateDecisionsSimulation
271,IR_line91_week/5.0/sample_21,flex_bus:1,line91_week.csv,5.0,PoolingIRSOnly,ImmediateDecisionsSimulation
272,IR_line91_week/5.0/sample_22,flex_bus:1,line91_week.csv,5.0,PoolingIRSOnly,ImmediateDecisionsSimulation
273,IR_line91_week/5.0/sample_23,flex_bus:1,line91_week.csv,5.0,PoolingIRSOnly,ImmediateDecisionsSimulation
274,IR_line91_week/5.0/sample_24,flex_bus:1,line91_week.csv,5.0,PoolingIRSOnly,ImmediateDecisionsSimulation
